Gender,Weight
Male,241.8935632
Male,162.3104725
Male,212.7408556
Male,220.0424703
Male,206.3498006
Male,152.2121558
Male,183.9278886
Male,167.9711105
Male,175.9294404
Male,156.3996764
Male,186.6049256
Male,213.7411695
Male,167.1274611
Male,189.4461814
Male,186.434168
Male,172.1869301
Male,196.0285063
Male,172.8834702
Male,185.9839576
Male,182.426648
Male,174.1159291
Male,197.7314216
Male,149.173566
Male,228.7617806
Male,162.0066518
Male,192.3439766
Male,184.4351744
Male,206.8281894
Male,175.2139224
Male,154.3426389
Male,187.5068432
Male,212.9102253
Male,195.0322432
Male,205.1836213
Male,204.1641255
Male,192.9035151
Male,197.4882426
Male,183.8109732
Male,163.8518249
Male,163.1080171
Male,172.1355974
Male,194.0454049
Male,168.6177462
Male,161.1934326
Male,164.6602773
Male,188.9223032
Male,187.0605522
Male,209.0708634
Male,192.0143354
Male,211.3424968
Male,165.6116262
Male,201.0719181
Male,173.4239603
Male,181.4076793
Male,169.7377074
Male,163.3095283
Male,189.7102099
Male,192.1248473
Male,198.1984641
Male,209.5264998
Male,198.7597927
Male,198.0795237
Male,195.2906122
Male,164.943303
Male,179.8639023
Male,155.2504207
Male,184.5193912
Male,220.6780415
Male,183.3126553
Male,196.4513123
Male,184.5956083
Male,207.5328385
Male,177.2009288
Male,163.1080022
Male,216.2182301
Male,204.6554938
Male,200.9205712
Male,220.9017699
Male,196.4498603
Male,168.64081
Male,181.432713
Male,198.6586733
Male,237.9167359
Male,173.0412559
Male,160.6839166
Male,188.6029191
Male,208.345694
Male,193.4351185
Male,174.1096938
Male,197.3685892
Male,201.6206667
Male,181.0119732
Male,182.122486
Male,177.5492634
Male,164.9745807
Male,165.7171122
Male,193.0941635
Male,180.683887
Male,172.7737229
Male,177.4706162
Male,200.8187373
Male,167.7397753
Male,154.3956248
Male,177.9847286
Male,183.938857
Male,179.2047821
Male,158.5679874
Male,166.5035316
Male,171.9836776
Male,174.3641824
Male,187.7453519
Male,201.4879624
Male,204.9270121
Male,178.6855465
Male,164.0144277
Male,223.2700044
Male,202.9583063
Male,189.3917856
Male,178.1705556
Male,223.2993352
Male,167.0287067
Male,180.468682
Male,164.4391456
Male,149.9696184
Male,192.9102666
Male,201.8839987
Male,179.868026
Male,196.4677247
Male,187.5516495
Male,171.6931597
Male,191.6996048
Male,165.8506478
Male,185.6627413
Male,178.2818007
Male,150.9790513
Male,209.9293234
Male,174.1578043
Male,179.8789771
Male,167.7471412
Male,183.0446604
Male,169.5568208
Male,173.4316727
Male,180.8895546
Male,183.5089329
Male,205.9779102
Male,183.7598452
Male,201.9544955
Male,216.1200947
Male,159.3903237
Male,210.3364247
Male,178.6183502
Male,146.7397976
Male,195.937015
Male,170.1758538
Male,169.6540541
Male,198.3786936
Male,179.9077169
Male,147.2636865
Male,176.9842511
Male,185.4677884
Male,177.4938023
Male,169.8274774
Male,198.5816982
Male,203.3503393
Male,193.2176727
Male,178.1349452
Male,162.7795834
Male,159.2865106
Male,172.114312
Male,201.8370426
Male,170.3523296
Male,205.3897607
Male,169.7877681
Male,200.4373105
Male,178.588954
Male,168.0140297
Male,177.7664258
Male,193.277624
Male,162.3795406
Male,183.3838244
Male,181.0560953
Male,210.871799
Male,165.5684991
Male,196.1484498
Male,202.0464252
Male,170.4136025
Male,201.9480853
Male,193.3869846
Male,179.8556896
Male,156.489935
Male,235.0354188
Male,230.560535
Male,203.895655
Male,218.2163966
Male,222.6671779
Male,208.4748659
Male,180.77978
Male,231.9247485
Male,170.5938581
Male,188.2714563
Male,196.0615292
Male,214.6035842
Male,224.1242713
Male,158.5793973
Male,166.5011147
Male,160.1406156
Male,176.1726343
Male,174.4852947
Male,193.9064988
Male,186.9916067
Male,173.5957961
Male,193.3465603
Male,208.436509
Male,206.0329778
Male,172.575231
Male,232.6354028
Male,177.2401455
Male,175.6466902
Male,212.6261023
Male,166.969204
Male,196.4144153
Male,165.4312422
Male,176.5658186
Male,174.6520347
Male,195.2375293
Male,205.6844384
Male,158.3414424
Male,169.0810083
Male,135.6558759
Male,218.1574695
Male,155.8995413
Male,201.5281774
Male,235.9260606
Male,195.3926176
Male,176.6361636
Male,198.4602486
Male,185.71691
Male,177.3477798
Male,215.7597035
Male,187.0224203
Male,171.5878843
Male,172.8398091
Male,168.2802869
Male,163.8204889
Male,190.0234342
Male,156.8699517
Male,172.6064826
Male,169.063983
Male,231.3745081
Male,207.2504768
Male,172.1527722
Male,199.827758
Male,168.0904122
Male,197.8196148
Male,196.892315
Male,180.2217801
Male,189.1340124
Male,158.4227173
Male,208.9226827
Male,187.1411195
Male,157.5824315
Male,181.644445
Male,204.7466782
Male,231.1301898
Male,186.2584296
Male,181.0938696
Male,198.9209797
Male,203.3704632
Male,161.0287521
Male,189.8066818
Male,200.2028285
Male,221.8626503
Male,214.0601482
Male,201.7014216
Male,187.1870936
Male,196.5274669
Male,151.7207037
Male,167.2975303
Male,198.843696
Male,178.789548
Male,193.5392521
Male,197.737905
Male,184.4618115
Male,155.1947717
Male,160.9919899
Male,189.0844617
Male,172.9857771
Male,195.8952569
Male,215.7464553
Male,166.7073731
Male,239.4643429
Male,184.2792458
Male,199.9838909
Male,191.4122311
Male,169.1094014
Male,194.7445225
Male,183.2665331
Male,210.3699087
Male,198.0424839
Male,172.6640904
Male,197.0708562
Male,190.50581
Male,184.5554831
Male,179.9298166
Male,159.5032198
Male,197.8845071
Male,217.2696052
Male,187.907426
Male,176.8616842
Male,185.1482021
Male,223.3080403
Male,206.9429818
Male,171.0169406
Male,175.222848
Male,173.3103956
Male,181.1259735
Male,202.6090083
Male,199.85092
Male,223.5147223
Male,219.2617067
Male,211.2160809
Male,200.798983
Male,208.8097753
Male,161.4200817
Male,207.8359446
Male,180.8312378
Male,176.8154762
Male,194.6037685
Male,163.0084317
Male,173.2706572
Male,215.6200354
Male,210.134529
Male,185.0423241
Male,187.9653554
Male,188.1811248
Male,179.5420171
Male,211.718429
Male,197.6921421
Male,186.287992
Male,166.1060724
Male,188.81177
Male,161.3787732
Male,193.4762588
Male,189.2822461
Male,207.7849246
Male,199.3230943
Male,209.8582566
Male,180.1754728
Male,196.2144145
Male,189.4388404
Male,165.5146074
Male,182.3943347
Male,189.5576375
Male,189.6259141
Male,170.1913254
Male,216.0974547
Male,177.0677744
Male,196.0511888
Male,167.7004962
Male,179.6078701
Male,220.6614051
Male,164.2952413
Male,156.5447863
Male,183.681029
Male,170.3054935
Male,168.6272639
Male,209.6379745
Male,195.346027
Male,194.3226014
Male,219.3679167
Male,205.1617483
Male,178.8826337
Male,181.7249315
Male,203.5603338
Male,165.1558987
Male,197.9314296
Male,173.284033
Male,183.9477889
Male,139.5340469
Male,160.1885313
Male,163.6040022
Male,193.9551074
Male,189.8933425
Male,184.223932
Male,190.7955422
Male,188.2006794
Male,226.2077799
Male,197.8793731
Male,190.5134869
Male,176.2465834
Male,177.7270945
Male,173.6915922
Male,210.4636875
Male,170.1005633
Male,173.4598918
Male,184.9366903
Male,194.2869459
Male,149.1496848
Male,192.4707696
Male,179.750808
Male,202.863293
Male,163.3573315
Male,217.0277146
Male,183.1612325
Male,166.5836105
Male,205.2508892
Male,189.7030888
Male,218.5863364
Male,203.139433
Male,139.9050703
Male,196.2938059
Male,179.9370112
Male,164.1459224
Male,168.1748644
Male,189.7425419
Male,195.1703915
Male,190.4679588
Male,204.4265983
Male,196.1516228
Male,209.6707739
Male,190.9334005
Male,197.9448324
Male,186.7803378
Male,188.6638321
Male,176.3766428
Male,209.3294834
Male,136.1678657
Male,190.9351825
Male,191.4456543
Male,184.9382299
Male,232.313471
Male,201.778854
Male,188.3288071
Male,174.6556973
Male,183.9433388
Male,187.517442
Male,213.8474529
Male,175.2195188
Male,169.5448054
Male,144.5919224
Male,175.6791902
Male,197.1984016
Male,222.9259167
Male,165.4045453
Male,170.4172312
Male,216.6339997
Male,173.7075042
Male,217.8960397
Male,161.0131458
Male,193.7563258
Male,177.1191607
Male,204.8274497
Male,176.7318925
Male,192.7618857
Male,166.9610205
Male,186.7379955
Male,188.5061787
Male,208.3614918
Male,161.4958143
Male,214.9664592
Male,205.1334355
Male,183.1973068
Male,208.8950443
Male,207.9255765
Male,210.6638278
Male,204.2728377
Male,195.1987301
Male,190.6860225
Male,199.6353266
Male,166.8215473
Male,178.797509
Male,185.7721575
Male,193.7549909
Male,228.8005161
Male,192.3497017
Male,175.9834911
Male,176.1412392
Male,177.4825249
Male,201.7607769
Male,176.8430799
Male,185.5242604
Male,188.041029
Male,189.3844383
Male,166.096744
Male,170.2501787
Male,212.804259
Male,196.1455062
Male,202.2790697
Male,201.3320069
Male,158.4540944
Male,174.4894863
Male,183.7833827
Male,188.1035061
Male,176.1934298
Male,194.2007119
Male,194.1995089
Male,145.8988424
Male,191.8337092
Male,209.8535536
Male,201.2614644
Male,208.7818534
Male,182.6734054
Male,166.4350688
Male,193.3935426
Male,178.4481797
Male,205.9417907
Male,199.2098424
Male,192.0295666
Male,175.2608644
Male,170.0064451
Male,205.3475962
Male,196.0432951
Male,208.1452566
Male,202.8907578
Male,188.595024
Male,162.4297274
Male,182.8523991
Male,157.3174614
Male,178.6759921
Male,187.2174859
Male,171.6209666
Male,200.5341783
Male,193.9273604
Male,155.489729
Male,192.527905
Male,159.8624674
Male,176.2592744
Male,171.7089263
Male,181.7096189
Male,171.3866592
Male,179.1320246
Male,187.4693714
Male,182.0045223
Male,214.4740355
Male,208.526427
Male,190.2219929
Male,217.1437905
Male,156.0738985
Male,206.3851911
Male,178.1527814
Male,228.8383958
Male,174.4733629
Male,164.2149026
Male,212.1572757
Male,206.0149398
Male,167.433533
Male,195.2186397
Male,209.1754891
Male,182.3012856
Male,190.1851469
Male,160.3449039
Male,129.3010238
Male,195.6263191
Male,186.7514169
Male,227.5006451
Male,197.187532
Male,209.5562827
Male,209.7592721
Male,220.4367864
Male,169.207937
Male,185.8456168
Male,192.6914931
Male,177.0260878
Male,199.9473831
Male,168.7102903
Male,123.528143
Male,160.2422382
Male,197.082611
Male,161.9709376
Male,201.6550559
Male,194.7861983
Male,162.5654067
Male,175.8109677
Male,209.3793102
Male,204.4603316
Male,210.8690842
Male,169.3262842
Male,223.326105
Male,192.9468911
Male,172.9048014
Male,191.5721536
Male,157.1195445
Male,182.7954943
Male,151.8869422
Male,193.3410828
Male,185.4279701
Male,195.3823108
Male,174.1968873
Male,164.6498139
Male,163.8450013
Male,174.7199581
Male,212.900556
Male,172.7942606
Male,171.9803313
Male,195.9234165
Male,174.8153485
Male,174.5668558
Male,140.2777497
Male,215.5597033
Male,215.8582339
Male,184.2438603
Male,168.2021671
Male,151.3846182
Male,185.9701609
Male,203.2417318
Male,223.9456703
Male,148.4721859
Male,207.1946473
Male,205.1930618
Male,209.4224843
Male,199.1669287
Male,165.0646095
Male,180.7605348
Male,202.2987602
Male,195.2619903
Male,184.2326617
Male,188.4537597
Male,157.2050253
Male,196.5523243
Male,208.3661793
Male,158.1849857
Male,184.598428
Male,197.9075211
Male,202.8672367
Male,199.080779
Male,156.2239585
Male,168.299538
Male,201.5106881
Male,174.5848799
Male,196.930792
Male,197.7567703
Male,165.6432833
Male,232.8861171
Male,192.7324047
Male,192.1816687
Male,157.1292772
Male,163.4952026
Male,205.157578
Male,171.4285919
Male,208.9645836
Male,209.759114
Male,206.2604578
Male,177.2116966
Male,211.7162538
Male,149.5148392
Male,220.3363669
Male,192.4279136
Male,163.3865127
Male,199.7783726
Male,218.583688
Male,223.2064516
Male,217.9518826
Male,171.2077789
Male,147.5379562
Male,170.0371863
Male,160.8360745
Male,185.1277355
Male,177.0833882
Male,188.8840968
Male,159.2448862
Male,188.079276
Male,150.9606196
Male,172.3258812
Male,166.3638187
Male,186.3398244
Male,187.6583791
Male,163.8801985
Male,196.9495064
Male,189.7073988
Male,188.9748473
Male,177.3439177
Male,184.130432
Male,221.2400958
Male,217.8823464
Male,199.182763
Male,164.5003666
Male,163.2698893
Male,187.6248203
Male,150.3466585
Male,202.7071024
Male,181.7248365
Male,206.5908567
Male,203.9854155
Male,231.6086709
Male,195.1899302
Male,200.2900045
Male,195.3530575
Male,188.0988373
Male,194.6597698
Male,197.4120914
Male,156.4163422
Male,207.768535
Male,171.9211499
Male,216.9232912
Male,190.5853768
Male,206.1198392
Male,201.1088923
Male,206.5940588
Male,158.9871861
Male,208.2235661
Male,187.8120619
Male,168.3494568
Male,196.8350517
Male,205.5218858
Male,164.5743913
Male,167.1915272
Male,168.9973239
Male,184.2198182
Male,168.1533262
Male,184.1194153
Male,172.1754663
Male,218.6046973
Male,189.6582738
Male,196.7599362
Male,181.7231932
Male,175.3891518
Male,208.7104386
Male,162.6749752
Male,191.3188108
Male,192.6726758
Male,213.3377733
Male,187.4025309
Male,203.448273
Male,189.9854788
Male,197.3070586
Male,193.359947
Male,226.7010229
Male,185.188138
Male,171.3291085
Male,175.1243663
Male,196.2211135
Male,194.7523537
Male,184.4684504
Male,179.5567899
Male,192.6056386
Male,197.3412472
Male,164.1757008
Male,167.3277028
Male,185.8665843
Male,193.9817476
Male,205.8639345
Male,235.4379661
Male,176.9667279
Male,199.0264276
Male,200.7040517
Male,213.9785966
Male,201.6633373
Male,144.1320269
Male,202.603188
Male,183.9580892
Male,199.568441
Male,176.045407
Male,194.9325685
Male,203.5183265
Male,166.6846488
Male,207.5085426
Male,152.8529747
Male,146.2308047
Male,156.7613371
Male,209.9649432
Male,183.9021104
Male,200.7968545
Male,164.2156392
Male,154.6410416
Male,189.4492405
Male,176.5948886
Male,173.2722178
Male,185.2531099
Male,203.8110909
Male,182.0516903
Male,201.703778
Male,177.8426553
Male,202.6281961
Male,186.2254307
Male,185.4540072
Male,175.844485
Male,209.5878005
Male,179.370856
Male,165.3682765
Male,198.2629703
Male,184.9318042
Male,200.2479962
Male,199.443989
Male,202.3322157
Male,201.993728
Male,197.3587607
Male,157.0035437
Male,183.3433272
Male,203.0231161
Male,193.9260342
Male,195.6013653
Male,214.8539253
Male,184.1471888
Male,193.74326
Male,170.1094996
Male,205.6996211
Male,166.2635001
Male,198.4067338
Male,169.6752603
Male,160.0502853
Male,204.9377601
Male,147.90182
Male,180.9498234
Male,217.8372448
Male,189.3616398
Male,176.0902893
Male,130.2772749
Male,159.3191151
Male,191.9681779
Male,182.1541392
Male,188.3517257
Male,191.7600018
Male,162.7669683
Male,197.5962131
Male,182.5898441
Male,200.0071609
Male,184.40952
Male,165.489768
Male,176.6521792
Male,228.8729906
Male,180.3509244
Male,225.9722183
Male,189.8166449
Male,202.2620741
Male,178.9187142
Male,167.0442331
Male,172.6376115
Male,179.9625088
Male,160.1474361
Male,178.3924826
Male,154.5886896
Male,208.8488465
Male,169.4306343
Male,181.6410489
Male,203.8447916
Male,184.4463253
Male,199.7018115
Male,206.6293992
Male,196.5843459
Male,190.0024052
Male,196.7639075
Male,222.2974921
Male,180.0656094
Male,178.4325977
Male,202.7487397
Male,220.9457607
Male,198.6302782
Male,203.7344808
Male,150.1493613
Male,227.139296
Male,186.7624875
Male,170.4211493
Male,182.4280025
Male,187.4720235
Male,158.6645552
Male,175.7972754
Male,220.770232
Male,195.7589355
Male,189.0273679
Male,154.1268504
Male,179.3868167
Male,172.1953637
Male,190.4617768
Male,208.0889465
Male,191.883267
Male,197.3824157
Male,189.6831513
Male,208.0681993
Male,188.7172726
Male,187.4238964
Male,217.9035994
Male,201.8428087
Male,204.6277277
Male,143.3475655
Male,182.031248
Male,202.1043716
Male,192.7961126
Male,158.9166993
Male,213.4821026
Male,162.8182755
Male,212.1807188
Male,155.1755428
Male,194.6814346
Male,209.4753881
Male,198.3218281
Male,179.6624965
Male,192.6903832
Male,179.8015682
Male,190.5067956
Male,196.1411445
Male,180.8264574
Male,186.635313
Male,167.784391
Male,179.4688864
Male,181.3603512
Male,161.4222109
Male,149.759706
Male,161.2018906
Male,187.3633658
Male,176.0116733
Male,238.5694509
Male,209.0328768
Male,194.7965673
Male,163.7244326
Male,182.5124511
Male,175.0932547
Male,180.8807246
Male,172.6542379
Male,207.5756136
Male,194.009473
Male,187.8671025
Male,161.2239648
Male,228.7073009
Male,176.4568284
Male,186.9938986
Male,218.4235845
Male,184.6189529
Male,199.359224
Male,164.6344637
Male,193.4299898
Male,171.0768314
Male,217.5614154
Male,188.0649839
Male,178.1848175
Male,151.9966615
Male,145.1761359
Male,147.6602601
Male,183.4385392
Male,178.3484391
Male,152.8204681
Male,173.6342571
Male,180.0356727
Male,200.3368056
Male,170.2961967
Male,166.7385547
Male,194.7788543
Male,152.7911301
Male,206.4261469
Male,164.7714754
Male,181.167061
Male,185.0018542
Male,209.5204246
Male,197.345436
Male,148.6050424
Male,201.2242771
Male,199.1938148
Male,188.4596891
Male,178.3001966
Male,173.4301696
Male,218.4375679
Male,173.3868302
Male,186.3207972
Male,165.1677228
Male,203.1357596
Male,161.6708278
Male,164.4705039
Male,170.7923569
Male,170.3101222
Male,192.4971609
Male,166.371258
Male,196.54096
Male,183.6196208
Male,187.2913919
Male,178.2824095
Male,222.3975605
Male,190.587913
Male,204.103817
Male,192.1962461
Male,179.4090919
Male,192.765581
Male,169.7402721
Male,192.8164417
Male,185.7291961
Male,188.5940922
Male,179.6809303
Male,162.4950825
Male,183.3837802
Male,221.4459021
Male,188.8898645
Male,191.8229143
Male,214.2615182
Male,182.3828222
Male,163.9398786
Male,198.4622269
Male,187.3950858
Male,175.9473678
Male,188.6259112
Male,200.779691
Male,209.9374928
Male,201.8626584
Male,182.7948442
Male,206.1634325
Male,171.8769664
Male,171.3212163
Male,255.6908348
Male,178.8167946
Male,186.3587022
Male,220.8457275
Male,202.1371601
Male,193.0816469
Male,157.288088
Male,180.7565256
Male,206.5151903
Male,180.0045482
Male,193.9838213
Male,203.6275837
Male,211.7305173
Male,201.0998006
Male,212.2040396
Male,167.9107289
Male,207.0866751
Male,185.8426218
Male,172.8471849
Male,184.7233308
Male,182.3697168
Male,188.3113941
Male,168.6779132
Male,173.4885993
Male,178.0573356
Male,174.0582354
Male,192.066392
Male,191.1771577
Male,189.5959602
Male,210.2235006
Male,159.376926
Male,189.8749292
Male,176.1790688
Male,177.2854147
Male,170.3239575
Male,165.9333275
Male,232.2506433
Male,206.883393
Male,200.356448
Male,163.2579018
Male,188.9133324
Male,207.5421208
Male,173.4564553
Male,189.8567859
Male,169.8908229
Male,160.7876538
Male,211.0075801
Male,193.8573561
Male,217.3352533
Male,176.7418313
Male,203.3170123
Male,165.5559659
Male,211.7374418
Male,201.5038128
Male,200.6841596
Male,189.532927
Male,206.4997442
Male,173.2997216
Male,221.1220336
Male,169.8294539
Male,219.7866042
Male,182.8879477
Male,198.0788255
Male,216.6177778
Male,203.2583751
Male,185.2469766
Male,148.2657302
Male,192.3070268
Male,206.5229741
Male,181.7894088
Male,212.7287049
Male,195.9590447
Male,155.1289645
Male,207.5063787
Male,181.9381761
Male,164.1170304
Male,185.3139113
Male,178.1753698
Male,178.4131887
Male,162.0277356
Male,217.425675
Male,189.8066455
Male,197.216552
Male,178.3828125
Male,178.045314
Male,184.9826013
Male,153.6068331
Male,221.897619
Male,175.5643397
Male,198.8291173
Male,189.2795225
Male,166.2769877
Male,202.5184575
Male,220.273901
Male,213.3365925
Male,171.3312485
Male,191.5682599
Male,200.7017307
Male,208.7557182
Male,172.7751627
Male,188.8392852
Male,187.5734938
Male,224.4404592
Male,170.2762478
Male,197.2814443
Male,195.3649152
Male,198.4191385
Male,196.3512998
Male,195.3564313
Male,213.9244864
Male,201.3157707
Male,227.4603038
Male,157.0299355
Male,192.2607453
Male,169.4596309
Male,197.6395496
Male,215.9353939
Male,173.2923443
Male,163.0041411
Male,208.6097832
Male,202.039446
Male,229.7407531
Male,202.6092747
Male,227.0223469
Male,166.4436809
Male,187.1053638
Male,181.0517424
Male,175.3521086
Male,197.727299
Male,166.461038
Male,166.4413849
Male,187.2586923
Male,186.0655322
Male,205.0526852
Male,189.4633636
Male,210.1443121
Male,186.2040058
Male,206.4922129
Male,189.213646
Male,168.7614795
Male,144.1706444
Male,187.5787042
Male,193.6353663
Male,185.348837
Male,188.2451032
Male,166.1711851
Male,202.3577195
Male,191.544634
Male,162.0180876
Male,175.9579827
Male,193.3671981
Male,192.6915216
Male,186.1774738
Male,198.0143768
Male,167.7279617
Male,200.0101569
Male,199.9816203
Male,217.2198008
Male,194.3022593
Male,190.5135138
Male,236.7805375
Male,181.2112391
Male,151.6431035
Male,170.7156931
Male,197.3886665
Male,200.2865087
Male,158.4352052
Male,186.4231978
Male,166.6541431
Male,204.7557801
Male,174.5790245
Male,178.5836266
Male,185.3776732
Male,194.7232532
Male,159.6054441
Male,162.6855211
Male,180.1375203
Male,171.9236336
Male,191.902096
Male,219.5125216
Male,176.3087197
Male,215.4434005
Male,194.1208449
Male,167.1154588
Male,166.0797083
Male,216.6242072
Male,171.2751126
Male,204.4917906
Male,209.7235497
Male,187.5468976
Male,162.5574385
Male,184.2925605
Male,191.3637747
Male,156.0105758
Male,181.2279815
Male,201.8681427
Male,170.1715714
Male,192.045218
Male,178.5354901
Male,185.8270952
Male,180.6661582
Male,177.9523822
Male,187.5816273
Male,197.6422437
Male,195.1226278
Male,182.9464191
Male,157.0168086
Male,172.5155305
Male,150.0508128
Male,203.1596596
Male,164.3180448
Male,186.1888419
Male,158.3740869
Male,223.8255072
Male,190.0779984
Male,158.0720604
Male,170.9860127
Male,155.6642553
Male,191.525965
Male,228.9746467
Male,164.9077618
Male,178.1683941
Male,199.4943358
Male,211.164232
Male,203.0212824
Male,185.3591296
Male,149.2404065
Male,214.2592859
Male,160.3727387
Male,180.4638273
Male,197.0291787
Male,186.2108912
Male,165.592195
Male,201.3036955
Male,201.3331869
Male,190.7307931
Male,193.0897366
Male,213.3133192
Male,209.9603973
Male,181.2140726
Male,170.6484093
Male,229.514503
Male,199.7415595
Male,201.41093
Male,134.1468482
Male,189.626283
Male,193.1089465
Male,185.4698808
Male,206.897644
Male,175.0711714
Male,176.5561446
Male,209.3811998
Male,205.7078774
Male,154.8411421
Male,196.4477023
Male,176.1868417
Male,198.7591266
Male,150.1834743
Male,179.2316242
Male,187.050906
Male,142.5930673
Male,163.6335966
Male,185.4290223
Male,168.8635485
Male,165.2648086
Male,164.4999186
Male,186.0990159
Male,165.4998067
Male,193.953121
Male,193.5092689
Male,204.4395403
Male,221.1594661
Male,173.3559279
Male,171.2929754
Male,170.0777665
Male,204.5774363
Male,190.3903824
Male,178.6755991
Male,189.9065838
Male,199.5740493
Male,185.9160215
Male,165.3738242
Male,177.4732819
Male,189.1655919
Male,206.4257483
Male,199.6797149
Male,226.2257
Male,174.4408231
Male,215.2934953
Male,175.4353024
Male,168.0778994
Male,185.5337581
Male,179.864803
Male,189.6174538
Male,182.2596137
Male,181.512004
Male,194.6040613
Male,174.4133641
Male,180.9035759
Male,163.1860286
Male,177.719799
Male,181.4481349
Male,177.909685
Male,191.0334196
Male,177.1490913
Male,159.8124724
Male,188.1451421
Male,208.7648975
Male,192.1113196
Male,220.2618902
Male,186.412945
Male,197.1945475
Male,140.1959633
Male,180.2239394
Male,176.0071363
Male,167.8287603
Male,153.0313208
Male,162.8229424
Male,163.6414961
Male,190.4165036
Male,191.6367141
Male,175.209964
Male,184.0399805
Male,227.3425649
Male,198.3877525
Male,193.8567694
Male,176.904596
Male,185.3515329
Male,192.6516048
Male,207.2983314
Male,179.1648666
Male,226.5033443
Male,186.2292384
Male,202.7416573
Male,233.5038113
Male,192.1131628
Male,194.9842632
Male,196.1355259
Male,157.6079359
Male,184.8629133
Male,179.3521816
Male,158.4125594
Male,182.4494078
Male,206.9802182
Male,161.5576324
Male,150.3164486
Male,159.9823145
Male,223.4499947
Male,182.4680574
Male,179.2229686
Male,179.1158834
Male,210.7288522
Male,200.3130156
Male,185.2796229
Male,215.0438889
Male,194.1323525
Male,207.2094605
Male,169.1035618
Male,195.170814
Male,183.3812983
Male,200.0740445
Male,175.4626618
Male,153.9472037
Male,172.5086574
Male,208.8660338
Male,160.9750177
Male,188.9746319
Male,194.0739746
Male,168.634975
Male,175.0406653
Male,176.074223
Male,168.7447552
Male,194.5460796
Male,227.4351837
Male,176.4862269
Male,177.2569991
Male,178.0314596
Male,211.3608266
Male,155.7293803
Male,192.0598736
Male,214.3705805
Male,163.0743534
Male,156.6584597
Male,164.9331081
Male,201.9126628
Male,197.6456451
Male,176.7961081
Male,188.0247181
Male,181.9962868
Male,175.6365382
Male,176.0648702
Male,206.4409425
Male,197.8283576
Male,177.1107388
Male,174.0877277
Male,175.6709786
Male,180.2696932
Male,220.720177
Male,181.9413181
Male,187.6334634
Male,188.3308958
Male,164.5965816
Male,216.0400614
Male,211.0316519
Male,190.9163653
Male,198.2720936
Male,187.5710575
Male,157.6636172
Male,204.4187311
Male,141.0569889
Male,207.3034959
Male,217.9948396
Male,169.6356405
Male,191.0676196
Male,199.469319
Male,201.438831
Male,215.0708702
Male,171.9190355
Male,161.6110178
Male,209.5736669
Male,163.4765101
Male,177.4295071
Male,199.8078464
Male,179.7597417
Male,178.015095
Male,181.6799218
Male,163.0012742
Male,176.5053033
Male,224.6038107
Male,193.788816
Male,164.0043528
Male,189.7021879
Male,186.0648539
Male,196.5850577
Male,195.4085511
Male,198.8500852
Male,200.6336879
Male,178.3718337
Male,202.2032307
Male,184.5051828
Male,193.5296063
Male,230.1369233
Male,172.870347
Male,171.3457459
Male,202.8736828
Male,204.3588747
Male,168.3204982
Male,197.4748276
Male,137.7753101
Male,200.3428137
Male,194.1804446
Male,194.4007354
Male,208.1077828
Male,166.4902194
Male,185.2595306
Male,197.188228
Male,193.9115247
Male,203.2850351
Male,207.7282041
Male,197.8027791
Male,182.8981154
Male,174.4349914
Male,149.4972517
Male,215.1557625
Male,179.8283438
Male,203.21593
Male,182.7774125
Male,216.2168147
Male,213.7169568
Male,161.9524312
Male,212.2301447
Male,197.8118822
Male,171.9637924
Male,203.2746331
Male,164.7011036
Male,192.63163
Male,208.6718719
Male,198.1999576
Male,168.0670153
Male,209.5324294
Male,175.9920181
Male,196.218174
Male,194.8273906
Male,178.6917686
Male,193.1288324
Male,217.7125313
Male,216.9383745
Male,190.1282136
Male,181.2305433
Male,173.4347623
Male,217.1180153
Male,199.1334267
Male,220.2076602
Male,209.228854
Male,172.5673814
Male,224.630424
Male,207.744486
Male,191.2117662
Male,175.9426067
Male,213.3715761
Male,181.8551974
Male,210.657667
Male,189.6515572
Male,204.179761
Male,184.4704428
Male,199.994622
Male,170.8467603
Male,211.5427845
Male,217.9710527
Male,160.125909
Male,184.9018923
Male,193.999617
Male,249.565628
Male,191.4417446
Male,197.2663792
Male,182.6115503
Male,185.687955
Male,198.6558215
Male,172.5390826
Male,217.886922
Male,197.4170144
Male,147.8596534
Male,158.0108425
Male,140.2666284
Male,191.2389456
Male,204.2170221
Male,171.1969842
Male,202.2790555
Male,197.9847661
Male,224.6951625
Male,188.4094262
Male,191.9802531
Male,207.7954078
Male,195.8758394
Male,190.4477008
Male,152.5247924
Male,207.1612333
Male,177.809028
Male,173.4743974
Male,230.9394542
Male,198.8365146
Male,180.5443766
Male,160.8751088
Male,188.7755365
Male,200.5626132
Male,203.1921821
Male,208.1623839
Male,162.5496804
Male,160.1173714
Male,201.0860144
Male,211.7890079
Male,148.618674
Male,191.3306528
Male,207.243854
Male,172.5013209
Male,183.6372838
Male,180.659638
Male,170.4779465
Male,201.4034024
Male,192.1222427
Male,211.8160165
Male,185.7455901
Male,176.9550632
Male,201.1221901
Male,203.2405837
Male,200.6771639
Male,182.3462185
Male,209.3731259
Male,168.8175715
Male,188.6563354
Male,195.2755377
Male,173.8962369
Male,163.2412547
Male,181.320106
Male,239.5813894
Male,165.9974342
Male,152.9494884
Male,200.4134245
Male,197.4918021
Male,217.3895446
Male,194.6809018
Male,203.488801
Male,204.4226335
Male,128.390221
Male,181.377015
Male,188.8295918
Male,198.6367376
Male,198.9265131
Male,187.4036005
Male,204.7809105
Male,194.0806122
Male,205.9270992
Male,174.2097641
Male,183.4542292
Male,218.3945547
Male,175.2102975
Male,206.3783655
Male,189.3928413
Male,214.3024644
Male,175.5477079
Male,200.361282
Male,216.3411301
Male,159.4828288
Male,167.7558699
Male,182.4816869
Male,212.8146642
Male,169.3927971
Male,175.9115893
Male,174.9439778
Male,181.3253291
Male,188.9514741
Male,178.488157
Male,144.6414182
Male,164.1578901
Male,174.4555542
Male,169.458094
Male,255.8633265
Male,222.6861438
Male,167.8641366
Male,201.008548
Male,170.9006769
Male,172.9809468
Male,187.3681933
Male,184.9292931
Male,213.0690422
Male,202.0349553
Male,167.8807205
Male,210.8211943
Male,206.4144118
Male,156.5798027
Male,169.611562
Male,228.4074441
Male,172.0941985
Male,192.4088967
Male,174.2397082
Male,179.5542134
Male,192.9291071
Male,195.4418631
Male,187.9230525
Male,204.5957328
Male,212.0170256
Male,209.9487684
Male,196.7090246
Male,208.0580433
Male,176.2611905
Male,189.4042032
Male,194.327152
Male,176.7463054
Male,209.7335388
Male,158.4603238
Male,171.3034951
Male,180.2948206
Male,211.3956386
Male,190.1327254
Male,178.3657282
Male,163.1951164
Male,155.1625868
Male,130.8380738
Male,186.8388682
Male,194.0945611
Male,204.8756917
Male,199.2813114
Male,192.206151
Male,207.8169438
Male,161.7571761
Male,191.0267435
Male,171.0562905
Male,188.2429823
Male,200.7084673
Male,188.5293966
Male,165.5890975
Male,178.8513483
Male,174.8873671
Male,187.4689869
Male,201.5277531
Male,206.4017808
Male,200.8772795
Male,225.014368
Male,199.3623525
Male,170.7891625
Male,174.8654514
Male,214.7929926
Male,175.366252
Male,187.2053947
Male,163.6381507
Male,156.9680739
Male,158.9004343
Male,154.9653989
Male,177.7129666
Male,196.3303116
Male,194.1617823
Male,209.6980393
Male,194.891589
Male,203.9997028
Male,212.0303757
Male,154.8888953
Male,209.6333173
Male,174.5523441
Male,205.9619225
Male,189.4300286
Male,144.815032
Male,187.0184584
Male,232.104476
Male,183.2327118
Male,191.7090668
Male,194.7218564
Male,204.4262556
Male,207.9080616
Male,174.3354906
Male,185.4048519
Male,168.1685042
Male,203.92588
Male,164.179486
Male,180.7937105
Male,174.7124319
Male,198.7285226
Male,166.7952092
Male,202.9480035
Male,190.5220374
Male,172.3003905
Male,181.0141079
Male,134.8228267
Male,169.617202
Male,198.3895491
Male,192.2931685
Male,161.1930514
Male,169.8824896
Male,191.6838425
Male,173.3847193
Male,182.1829921
Male,188.8484986
Male,176.6653529
Male,217.4909577
Male,168.0352354
Male,177.521933
Male,204.4161269
Male,217.1897415
Male,170.2174512
Male,174.0091522
Male,188.1160458
Male,172.746365
Male,186.4011012
Male,205.1493025
Male,205.676442
Male,180.8711377
Male,189.8283126
Male,175.2039346
Male,196.726282
Male,183.557049
Male,203.0058961
Male,190.5842005
Male,166.3906563
Male,191.8302347
Male,193.5063411
Male,194.9436551
Male,212.8263485
Male,249.9462832
Male,168.5341902
Male,174.0309543
Male,193.5591924
Male,207.1105722
Male,205.8172958
Male,199.356144
Male,178.6200332
Male,189.5794725
Male,200.206207
Male,165.7639258
Male,151.3505719
Male,174.9881905
Male,174.6121001
Male,166.2439226
Male,193.9820595
Male,189.9119646
Male,148.7874713
Male,223.3155102
Male,191.0654475
Male,172.4550996
Male,191.5471767
Male,192.0916777
Male,177.5926996
Male,162.6190973
Male,177.8459883
Male,214.819848
Male,204.4101633
Male,225.5123865
Male,190.2684255
Male,207.9166862
Male,177.3135637
Male,192.741685
Male,218.2315386
Male,192.017261
Male,219.8129065
Male,183.7510973
Male,183.5773805
Male,183.7041775
Male,215.8686135
Male,177.5548634
Male,176.0119591
Male,200.3308195
Male,181.9867345
Male,215.5545587
Male,171.160452
Male,214.0325038
Male,170.0538326
Male,198.6850217
Male,205.6189565
Male,198.0235635
Male,164.9889856
Male,202.2305956
Male,201.9315351
Male,188.6862465
Male,198.7388741
Male,173.9635774
Male,183.4383373
Male,183.8309641
Male,170.8884308
Male,184.778848
Male,169.2250347
Male,197.6464093
Male,149.4575874
Male,174.33661
Male,200.0852325
Male,194.2886699
Male,206.7491709
Male,197.4315108
Male,216.7134777
Male,220.1345171
Male,175.9780798
Male,189.6278521
Male,154.0080914
Male,188.41922
Male,172.3159674
Male,210.4306105
Male,175.3679699
Male,157.9186188
Male,202.3082973
Male,176.1892785
Male,178.4530134
Male,174.2651629
Male,166.6806079
Male,196.2684623
Male,192.8151779
Male,199.9628571
Male,216.0530515
Male,209.9001307
Male,164.2584621
Male,173.3524558
Male,202.7466375
Male,179.9490893
Male,181.7318342
Male,201.2193177
Male,172.5485876
Male,184.2920655
Male,167.5520316
Male,175.8387974
Male,158.3873105
Male,199.4468992
Male,174.3694764
Male,211.5616698
Male,196.8353004
Male,220.8663652
Male,207.5855821
Male,220.5234124
Male,210.0399245
Male,226.4740345
Male,199.2722748
Male,160.4322106
Male,202.9933107
Male,195.543445
Male,183.6472483
Male,147.8870155
Male,184.7185032
Male,187.0986004
Male,163.7471546
Male,200.9174543
Male,170.2141085
Male,186.2747971
Male,202.9447711
Male,202.9705011
Male,196.1362692
Male,180.506932
Male,188.6300736
Male,187.7391929
Male,158.8772736
Male,171.1050044
Male,185.7787464
Male,157.8504266
Male,151.1991529
Male,195.2413161
Male,188.6813886
Male,218.711327
Male,206.0172853
Male,189.9158723
Male,212.2544283
Male,171.8504651
Male,179.2992321
Male,212.039012
Male,197.679446
Male,174.7392882
Male,195.592886
Male,206.1003672
Male,198.9735653
Male,246.2323213
Male,213.2449979
Male,230.2341099
Male,212.8456118
Male,192.4516764
Male,172.2164506
Male,135.5442014
Male,195.1158961
Male,214.980508
Male,207.0691249
Male,198.1190658
Male,207.8643173
Male,183.2389784
Male,185.6465964
Male,165.1101731
Male,160.0094086
Male,188.0708013
Male,174.3878691
Male,168.2325864
Male,135.8944475
Male,220.0337782
Male,169.800144
Male,193.2792655
Male,195.4227106
Male,157.4379016
Male,170.1364282
Male,232.6510789
Male,177.5980091
Male,185.212105
Male,185.0250567
Male,184.0257013
Male,225.2808194
Male,148.1405965
Male,162.8445191
Male,175.4240323
Male,172.0595559
Male,181.9367014
Male,192.9478736
Male,195.9370728
Male,163.9576346
Male,203.7834348
Male,178.5148196
Male,140.4347054
Male,194.0605842
Male,182.2333597
Male,179.0865294
Male,112.9029394
Male,188.7861666
Male,171.3503235
Male,221.4540891
Male,199.3828807
Male,159.1123104
Male,209.1614742
Male,228.3751789
Male,154.2806907
Male,164.3599627
Male,195.7178851
Male,183.7270955
Male,240.6381035
Male,205.1761096
Male,197.2179398
Male,177.123991
Male,172.346493
Male,218.6737556
Male,167.2146255
Male,211.3227764
Male,172.0652212
Male,182.3090981
Male,194.6955725
Male,192.1441105
Male,171.7029461
Male,190.8490701
Male,205.6994606
Male,177.6018026
Male,153.3216862
Male,174.7245343
Male,198.3117562
Male,189.4091241
Male,199.6571752
Male,203.3698816
Male,180.2548158
Male,197.052357
Male,188.3757463
Male,160.7567033
Male,187.1357502
Male,229.0943169
Male,167.0766424
Male,182.802806
Male,182.4812286
Male,183.2152093
Male,227.9452477
Male,164.4870988
Male,214.9987451
Male,203.963892
Male,166.5421432
Male,152.5711781
Male,210.1259588
Male,173.1788274
Male,151.1313144
Male,182.7465136
Male,216.590561
Male,197.7992998
Male,192.5588995
Male,174.7435096
Male,189.1995012
Male,188.0026669
Male,192.8774853
Male,186.9887403
Male,195.4473861
Male,184.9419493
Male,150.5808782
Male,188.4277984
Male,193.6010915
Male,202.6559193
Male,186.5502327
Male,188.4753203
Male,197.6167878
Male,219.8772978
Male,269.9896985
Male,176.4475043
Male,166.2519654
Male,160.1561156
Male,227.9405038
Male,154.7416927
Male,167.2095862
Male,170.2967629
Male,177.7424282
Male,178.3665548
Male,151.0138427
Male,175.4451381
Male,195.0138368
Male,202.9880554
Male,152.6228718
Male,188.6050995
Male,213.5094923
Male,194.7925404
Male,177.7239791
Male,217.5791623
Male,198.8278171
Male,183.2956063
Male,218.2032582
Male,207.5405132
Male,174.0980119
Male,182.1932732
Male,214.475994
Male,169.634399
Male,191.4764096
Male,200.7798984
Male,174.720312
Male,169.3758208
Male,171.5619069
Male,168.4496836
Male,178.9290427
Male,158.2074096
Male,169.6114736
Male,167.7682374
Male,188.9476254
Male,212.8660992
Male,147.3602703
Male,214.2258856
Male,196.0145851
Male,199.5086562
Male,183.5438014
Male,211.8517004
Male,175.5077614
Male,181.5264919
Male,169.7866967
Male,194.9534527
Male,186.8809599
Male,206.9027268
Male,219.4037726
Male,154.8776291
Male,180.4762871
Male,187.3104819
Male,252.5566894
Male,209.4209477
Male,178.446423
Male,168.221009
Male,241.2023301
Male,195.0337005
Male,205.2287064
Male,177.5868284
Male,208.5361952
Male,184.2166975
Male,185.157334
Male,169.2502309
Male,194.2642644
Male,166.1461086
Male,189.2492063
Male,197.9253539
Male,190.6955328
Male,211.237968
Male,192.7085029
Male,205.0955402
Male,180.3588433
Male,161.311622
Male,162.5416914
Male,156.6766747
Male,135.1717924
Male,210.6365238
Male,202.921364
Male,168.4212826
Male,227.5814318
Male,223.0701779
Male,174.8877865
Male,193.3923092
Male,188.1151124
Male,152.8386498
Male,189.2068507
Male,173.9766588
Male,204.4884124
Male,182.2054201
Male,210.6878113
Male,208.0662569
Male,201.745667
Male,208.8150558
Male,189.9362491
Male,177.3750077
Male,179.0090833
Male,167.3014086
Male,175.6832761
Male,195.714693
Male,154.9631741
Male,185.3706202
Male,201.6148974
Male,211.7133851
Male,166.2634667
Male,188.997023
Male,200.4353273
Male,193.0120517
Male,205.5385013
Male,201.8494751
Male,196.2250857
Male,192.7821537
Male,174.974136
Male,201.1293822
Male,166.4018862
Male,177.3064747
Male,172.0773047
Male,178.7191052
Male,183.7399479
Male,168.897518
Male,229.8580951
Male,187.5195145
Male,196.6322394
Male,203.1615983
Male,181.8246867
Male,185.7598838
Male,190.5523722
Male,207.924949
Male,181.1123491
Male,200.6778238
Male,188.7924569
Male,149.5671682
Male,205.3857099
Male,214.6060555
Male,216.6959926
Male,223.4132243
Male,187.0848888
Male,221.7025057
Male,168.8263792
Male,179.1872513
Male,182.0812286
Male,208.3370468
Male,207.6838649
Male,173.23066
Male,212.0569807
Male,187.9013748
Male,158.733412
Male,185.7658666
Male,200.5841857
Male,222.8661997
Male,208.6579459
Male,193.5865354
Male,204.1811869
Male,163.0551423
Male,197.1795704
Male,206.7335309
Male,197.6927564
Male,174.4799351
Male,175.8324466
Male,176.6119929
Male,194.8206675
Male,209.6777854
Male,187.8204731
Male,219.2966012
Male,176.2517449
Male,164.0342193
Male,176.9774255
Male,156.1292328
Male,177.1153317
Male,191.3571188
Male,184.2627962
Male,170.043605
Male,174.2150014
Male,141.4595789
Male,160.08529
Male,193.7697802
Male,216.7316335
Male,189.5838621
Male,181.6622367
Male,205.8724575
Male,186.8120606
Male,152.1305061
Male,198.3882652
Male,185.7873037
Male,166.704316
Male,192.7270363
Male,201.1528476
Male,188.7665057
Male,187.6121819
Male,204.2602588
Male,190.3735985
Male,196.8433339
Male,175.4521677
Male,178.1062667
Male,179.024645
Male,203.2794072
Male,174.3218287
Male,206.7443392
Male,181.2658248
Male,165.7478288
Male,176.0854243
Male,160.4902892
Male,203.2208674
Male,165.6044904
Male,203.6212077
Male,173.058823
Male,216.0647453
Male,185.9450077
Male,162.5219156
Male,178.7869137
Male,166.7768379
Male,173.9221304
Male,182.0152255
Male,212.8760152
Male,174.9138167
Male,186.5825364
Male,165.3138068
Male,206.790142
Male,172.9379579
Male,183.0853756
Male,184.1984519
Male,183.4046858
Male,174.5290565
Male,150.6194572
Male,183.8520382
Male,154.0591255
Male,186.3699527
Male,180.0565494
Male,156.2861991
Male,169.749522
Male,236.360678
Male,169.810675
Male,188.798293
Male,159.3786296
Male,212.6361678
Male,165.862943
Male,189.2048025
Male,184.9818143
Male,190.5555924
Male,181.8515844
Male,181.2952565
Male,221.1755961
Male,186.7426541
Male,191.3172693
Male,183.5868604
Male,213.0598511
Male,183.7288808
Male,186.289793
Male,200.3566417
Male,199.0132685
Male,145.768216
Male,178.7517272
Male,158.0286206
Male,192.5942266
Male,215.7551046
Male,209.2607585
Male,174.1751766
Male,198.4071463
Male,187.2884789
Male,166.6317495
Male,192.7379267
Male,190.8280374
Male,209.9749585
Male,175.0851255
Male,182.1644323
Male,202.1529554
Male,192.6324027
Male,176.2496593
Male,161.0021152
Male,191.1029893
Male,187.6354638
Male,158.3472457
Male,143.2486718
Male,186.6770884
Male,166.6851125
Male,217.815798
Male,198.752471
Male,206.3469387
Male,187.4915007
Male,139.1966211
Male,209.3098801
Male,199.5086544
Male,156.4606329
Male,179.2976843
Male,169.8145254
Male,190.2827586
Male,141.0968249
Male,185.0517288
Male,157.3104807
Male,177.1464187
Male,168.9820916
Male,205.3539273
Male,170.9898326
Male,202.2682774
Male,184.3748783
Male,180.8539356
Male,162.1244315
Male,165.0705828
Male,187.321636
Male,178.702061
Male,227.2203428
Male,163.2308403
Male,185.2971151
Male,186.1200024
Male,187.8432533
Male,192.8872892
Male,153.5209786
Male,197.2553766
Male,231.3474009
Male,145.9916825
Male,198.8938832
Male,203.5371948
Male,162.0170302
Male,191.7103323
Male,235.1366742
Male,135.5111157
Male,136.3910055
Male,186.0666781
Male,198.0309579
Male,192.4663555
Male,182.5181998
Male,225.2931439
Male,187.5181408
Male,138.6548279
Male,176.4135007
Male,157.7184384
Male,192.3511167
Male,153.4958975
Male,152.9130637
Male,202.6248928
Male,170.7987439
Male,206.2354701
Male,133.5119835
Male,174.4985557
Male,153.2812122
Male,173.6635731
Male,196.2503316
Male,149.1069188
Male,181.6733542
Male,191.0161622
Male,192.3397407
Male,202.0471123
Male,160.7898642
Male,174.3910884
Male,173.816374
Male,177.9843611
Male,199.8912715
Male,180.6918155
Male,189.2718686
Male,149.4390968
Male,185.0212235
Male,139.4111453
Male,199.868209
Male,199.039289
Male,182.8321969
Male,155.7638138
Male,197.8389021
Male,193.1593488
Male,178.2877855
Male,193.8048924
Male,178.2569076
Male,184.520037
Male,209.2375131
Male,178.954374
Male,206.2397496
Male,205.8834958
Male,200.3931235
Male,194.3287921
Male,165.9559347
Male,201.9579717
Male,206.2235379
Male,207.2395474
Male,181.3212975
Male,221.8859416
Male,160.203314
Male,175.0150905
Male,192.86002
Male,213.7361359
Male,179.7044101
Male,154.6275884
Male,216.5331913
Male,162.2210233
Male,187.0567724
Male,227.2779654
Male,185.4398405
Male,207.5502799
Male,184.988498
Male,215.6752656
Male,158.4698959
Male,194.4889423
Male,182.9040117
Male,196.1030828
Male,180.3659552
Male,185.4448653
Male,170.6325375
Male,205.2814932
Male,182.4559233
Male,200.0600035
Male,221.3292277
Male,119.2428559
Male,169.8410156
Male,181.8159215
Male,178.2665434
Male,176.718917
Male,193.7185875
Male,154.718344
Male,167.5813567
Male,198.6962986
Male,199.0066131
Male,175.1592002
Male,196.3171642
Male,191.1388481
Male,173.2086321
Male,172.7414519
Male,210.3997695
Male,183.9368603
Male,173.8881027
Male,207.3079166
Male,207.6526278
Male,187.368176
Male,190.3614969
Male,198.7077623
Male,220.9081419
Male,202.0679815
Male,181.5376697
Male,200.5757435
Male,190.8181008
Male,162.9410412
Male,177.1331355
Male,180.2579798
Male,232.2326469
Male,198.7721907
Male,208.2210648
Male,185.7183814
Male,210.1115361
Male,196.9332677
Male,162.8110818
Male,204.2587507
Male,172.4362088
Male,209.2814544
Male,201.4180366
Male,201.511538
Male,167.7382482
Male,190.8156844
Male,179.2521557
Male,203.3901693
Male,196.30631
Male,187.9527997
Male,168.3590349
Male,170.6623324
Male,144.7630128
Male,138.1475931
Male,148.9069051
Male,204.1810963
Male,205.3879099
Male,169.0990384
Male,174.5713344
Male,144.545057
Male,194.4983558
Male,230.6787782
Male,193.5198549
Male,199.3762346
Male,178.3541245
Male,167.6296598
Male,149.9377126
Male,164.9033283
Male,192.4386869
Male,174.3557521
Male,207.1995594
Male,196.0591694
Male,154.1150561
Male,181.418074
Male,203.4587668
Male,194.5328192
Male,197.4117818
Male,192.6067167
Male,212.2763278
Male,189.0065686
Male,217.1632825
Male,184.6155357
Male,195.6701715
Male,169.7808397
Male,122.6801118
Male,165.7847424
Male,198.7115194
Male,182.0722418
Male,170.4761269
Male,157.2492892
Male,176.6005297
Male,165.0262845
Male,164.0519828
Male,176.5893792
Male,177.3635878
Male,146.3343794
Male,188.259135
Male,162.3102783
Male,202.9105993
Male,146.1592111
Male,170.2623061
Male,164.8884348
Male,188.5649778
Male,203.8092633
Male,160.1937638
Male,191.9477997
Male,177.0496586
Male,161.6803834
Male,183.4706797
Male,158.1133397
Male,162.5060369
Male,126.4556128
Male,171.14303
Male,181.4931577
Male,185.2850818
Male,164.9634337
Male,173.5200527
Male,182.7535702
Male,194.3347513
Male,208.3393116
Male,196.7497878
Male,197.7879404
Male,191.4982206
Male,174.0426095
Male,215.2255088
Male,187.0738839
Male,194.5188195
Male,193.4346648
Male,187.9108757
Male,178.2894592
Male,174.3473587
Male,176.4850905
Male,213.3595304
Male,192.8205005
Male,194.4010794
Male,173.2730115
Male,188.7110357
Male,143.4180133
Male,137.3241783
Male,183.4290565
Male,182.8753489
Male,191.5222749
Male,198.0455483
Male,173.8308701
Male,167.6290788
Male,209.1129982
Male,204.564479
Male,199.9663875
Male,192.3478359
Male,200.9071461
Male,201.5464245
Male,187.6556988
Male,184.4360029
Male,191.8245966
Male,194.2417376
Male,207.7765473
Male,218.6921
Male,200.1203609
Male,223.3975723
Male,184.1486543
Male,209.9759929
Male,196.419012
Male,160.165791
Male,159.1951056
Male,189.6098581
Male,199.2678611
Male,181.3247792
Male,178.6749378
Male,189.1397057
Male,181.146042
Male,179.0063335
Male,173.1962657
Male,193.7262785
Male,194.9017702
Male,189.9399079
Male,188.3149697
Male,188.7570372
Male,155.1375509
Male,171.9750392
Male,154.4411225
Male,191.1488079
Male,182.1925128
Male,175.8986269
Male,167.6670583
Male,156.1813399
Male,146.9545159
Male,156.4908907
Male,193.7200436
Male,215.4875718
Male,179.4158106
Male,203.2450302
Male,232.2093773
Male,207.7107569
Male,184.2776278
Male,172.5150389
Male,156.8657432
Male,185.857731
Male,175.2580721
Male,217.3541372
Male,193.726609
Male,179.4431862
Male,175.2328348
Male,170.810301
Male,176.830677
Male,205.8992639
Male,171.6955097
Male,185.7127596
Male,211.7241665
Male,165.9794173
Male,172.0248141
Male,158.3687632
Male,181.7832593
Male,216.2149063
Male,176.67115
Male,186.1972499
Male,174.7051113
Male,135.8944622
Male,190.9202428
Male,164.0864114
Male,208.2044353
Male,173.9578558
Male,184.8139092
Male,218.5728016
Male,175.0176496
Male,186.965591
Male,159.936436
Male,205.7036291
Male,219.0517283
Male,165.2295227
Male,196.6550119
Male,189.3246707
Male,169.9587892
Male,182.8665632
Male,227.4371382
Male,204.0317413
Male,214.3432907
Male,178.4379493
Male,178.177298
Male,179.2458831
Male,183.1715278
Male,208.8391625
Male,192.0811314
Male,213.6839434
Male,175.5521238
Male,183.1248016
Male,152.7918283
Male,182.7558152
Male,171.224027
Male,185.5887401
Male,204.6271564
Male,190.8609752
Male,194.7541892
Male,202.1767836
Male,182.3613965
Male,188.0533331
Male,171.6851696
Male,172.962111
Male,211.0412112
Male,200.8009211
Male,210.0484067
Male,175.6487627
Male,186.5978956
Male,206.1647183
Male,186.6735164
Male,175.5713129
Male,191.0889397
Male,211.4644879
Male,142.1747596
Male,205.8433383
Male,163.1420518
Male,151.8756691
Male,142.7258712
Male,186.4515428
Male,170.0013479
Male,164.5022351
Male,180.2983567
Male,193.0701422
Male,176.4172388
Male,160.0635017
Male,180.4195303
Male,185.3482108
Male,205.1692351
Male,206.2240269
Male,210.187294
Male,215.7091144
Male,181.5911787
Male,161.8897691
Male,197.6833194
Male,179.5714664
Male,186.1190374
Male,192.3289666
Male,179.2091948
Male,237.5676083
Male,152.6458481
Male,196.3225311
Male,172.5249689
Male,202.3346955
Male,193.8237781
Male,186.9222837
Male,179.7227431
Male,167.6166926
Male,232.7186777
Male,171.7254568
Male,179.995124
Male,163.5857985
Male,190.9943108
Male,205.4730911
Male,147.3712842
Male,199.6028399
Male,220.3834481
Male,206.2855806
Male,209.2265666
Male,228.5587852
Male,205.3890558
Male,167.8423915
Male,193.5116952
Male,188.4506741
Male,214.9813939
Male,198.4041765
Male,178.1658017
Male,189.5834255
Male,180.2012661
Male,149.9346064
Male,180.8962866
Male,170.1006473
Male,178.8188277
Male,181.3633972
Male,194.3300031
Male,203.2584802
Male,219.0951656
Male,181.904824
Male,185.9758251
Male,201.679352
Male,175.4450634
Male,188.3951823
Male,217.3684879
Male,211.5794961
Male,197.0608841
Male,186.7188019
Male,140.0099786
Male,187.5508307
Male,205.35946
Male,179.2165702
Male,208.4964966
Male,211.7664268
Male,228.4488269
Male,170.7999514
Male,186.2085658
Male,229.3395116
Male,176.8826374
Male,240.9422666
Male,172.6695664
Male,155.3447978
Male,170.3722156
Male,194.7495235
Male,190.0880629
Male,227.116582
Male,175.6246198
Male,187.0287475
Male,183.0630581
Male,194.9414068
Male,167.2849042
Male,208.5784763
Male,169.9651516
Male,164.336269
Male,195.9714769
Male,205.6360496
Male,212.058247
Male,193.8284447
Male,165.1439238
Male,189.8386177
Male,189.1265817
Male,169.936601
Male,224.133192
Male,211.0191128
Male,185.5340211
Male,208.2945887
Male,166.3523353
Male,174.3248392
Male,216.1964831
Male,187.8630711
Male,200.7345781
Male,181.5636902
Male,189.3688237
Male,203.5134146
Male,218.5330155
Male,205.234403
Male,176.4793431
Male,156.4454748
Male,199.8296986
Male,148.9142878
Male,186.6065519
Male,201.481472
Male,150.6709379
Male,197.4726556
Male,187.7085661
Male,192.1997882
Male,175.2969694
Male,201.7955042
Male,203.4936873
Male,187.3466372
Male,174.3997304
Male,179.7959681
Male,198.0267851
Male,210.5459695
Male,169.4965109
Male,220.3371555
Male,171.4052256
Male,208.3815392
Male,178.0730551
Male,192.3495218
Male,189.0227457
Male,178.2166779
Male,184.4932506
Male,197.8870628
Male,184.8335198
Male,175.8798044
Male,140.5127924
Male,187.5686902
Male,184.4476667
Male,190.7991898
Male,177.0319067
Male,186.2839251
Male,160.490301
Male,164.0591567
Male,191.8880429
Male,181.3729706
Male,225.7975247
Male,196.2496978
Male,187.0278285
Male,196.6198197
Male,219.1132095
Male,174.2434883
Male,158.7158702
Male,185.9639951
Male,159.7616564
Male,178.8862048
Male,201.1850848
Male,175.1655077
Male,189.80977
Male,190.3654723
Male,192.570363
Male,136.6726435
Male,161.5786407
Male,195.322675
Male,194.581051
Male,178.5511913
Male,196.1380275
Male,179.3664566
Male,187.6266091
Male,204.7061013
Male,194.6070531
Male,196.6725565
Male,200.5107262
Male,186.4254196
Male,200.3725775
Male,209.7067299
Male,125.8270219
Male,204.5806985
Male,192.3687772
Male,224.6036548
Male,198.7021759
Male,162.7298484
Male,187.3334814
Male,188.7584321
Male,200.6062376
Male,194.2800659
Male,188.3185876
Male,176.0486441
Male,218.5083389
Male,223.1906998
Male,180.4822588
Male,191.4150254
Male,210.4940033
Male,196.3757818
Male,206.0778851
Male,167.4441401
Male,187.5319002
Male,203.0764788
Male,205.5457947
Male,186.7145678
Male,207.5564082
Male,201.6114938
Male,202.9068593
Male,153.8813772
Male,162.5104693
Male,192.9692761
Male,186.3045996
Male,179.2535701
Male,159.0089916
Male,177.2248263
Male,161.6361003
Male,158.7536285
Male,184.6835273
Male,167.2945421
Male,186.9023127
Male,196.2062567
Male,172.7062583
Male,205.8912338
Male,192.100036
Male,139.3105709
Male,169.0727355
Male,189.1761747
Male,201.6018122
Male,194.0961313
Male,168.1535612
Male,185.97165
Male,206.4936129
Male,186.1084084
Male,140.1517157
Male,199.9461546
Male,197.2586623
Male,207.5751785
Male,182.8562129
Male,216.0565032
Male,167.7261923
Male,180.0518562
Male,190.408985
Male,196.5041361
Male,188.5944082
Male,217.2382251
Male,197.1775885
Male,176.7073551
Male,144.4617234
Male,218.906557
Male,203.846582
Male,205.9416398
Male,204.3651038
Male,178.3272355
Male,200.1206742
Male,173.7771864
Male,202.9951328
Male,145.9135449
Male,166.1296141
Male,200.3073145
Male,222.1839669
Male,217.6441493
Male,195.2304029
Male,178.1738332
Male,186.354916
Male,204.3431869
Male,171.7319275
Male,200.1298194
Male,152.3493799
Male,181.4544623
Male,176.0300672
Male,185.7338021
Male,206.6727082
Male,187.40143
Male,200.2424787
Male,180.6366889
Male,187.7790754
Male,205.4793679
Male,199.1441775
Male,187.9232913
Male,250.3171507
Male,184.1305417
Male,187.1636686
Male,132.9481789
Male,193.7599323
Male,165.8390452
Male,180.5753341
Male,191.8136736
Male,185.7878654
Male,209.1775806
Male,183.6769019
Male,203.2306515
Male,191.0077617
Male,190.9647655
Male,170.2199475
Male,195.1792696
Male,196.7192842
Male,165.9559529
Male,157.5119383
Male,201.4713307
Male,188.2412257
Male,184.0617957
Male,163.700812
Male,207.1301089
Male,211.1148097
Male,206.6412168
Male,171.5365546
Male,166.6227324
Male,157.4131471
Male,189.9096712
Male,182.74196
Male,164.7249349
Male,200.9419157
Male,174.3012473
Male,194.466166
Male,212.0087426
Male,187.2898022
Male,175.6027079
Male,162.6243273
Male,162.9002409
Male,180.5205798
Male,185.0096096
Male,170.5057487
Male,190.251042
Male,209.3234214
Male,182.6293478
Male,196.4737536
Male,215.8751493
Male,169.4096452
Male,146.9566461
Male,192.5735455
Male,202.7377144
Male,211.4604798
Male,180.932596
Male,210.0417032
Male,174.6299947
Male,189.2039245
Male,188.1521677
Male,153.4680504
Male,179.0972488
Male,186.0256649
Male,178.0783604
Male,164.2954408
Male,212.5948655
Male,174.654961
Male,196.4295427
Male,216.8597562
Male,183.5816586
Male,195.1162435
Male,166.31193
Male,178.9724812
Male,156.9173142
Male,191.9207273
Male,198.4232792
Male,183.1967135
Male,158.6197611
Male,186.5955147
Male,198.1411753
Male,184.6606371
Male,166.2532759
Male,189.7029699
Male,199.3398571
Male,191.4978986
Male,181.5529917
Male,166.6695699
Male,192.0156786
Male,200.1477049
Male,170.7122297
Male,136.668509
Male,194.1779795
Male,218.3144513
Male,195.8570133
Male,181.674739
Male,180.8044498
Male,205.5496716
Male,183.4055261
Male,184.0102671
Male,191.9956928
Male,193.7909946
Male,200.7132709
Male,178.4039696
Male,163.7837028
Male,207.0181045
Male,185.5401186
Male,213.8966895
Male,172.4670879
Male,210.7982626
Male,209.78398
Male,215.258776
Male,191.9591286
Male,200.2184902
Male,199.75143
Male,191.5634948
Male,167.7226288
Male,204.8682907
Male,167.3729801
Male,214.0044377
Male,147.1971904
Male,178.1690905
Male,240.8517285
Male,211.1248252
Male,196.507741
Male,170.4843974
Male,213.701377
Male,180.2437089
Male,179.9376959
Male,178.3005128
Male,201.3907634
Male,190.4098292
Male,191.7638521
Male,194.1978123
Male,159.6337403
Male,201.8027886
Male,185.6835857
Male,182.3314872
Male,177.6034457
Male,180.3443354
Male,183.8137983
Male,157.7281142
Male,205.2812962
Male,163.9772379
Male,144.5510438
Male,177.8973362
Male,207.6930891
Male,184.5100232
Male,188.7309428
Male,193.4541646
Male,208.6932356
Male,162.2912152
Male,193.458537
Male,182.4174166
Male,166.3981217
Male,202.993331
Male,194.6871008
Male,171.3054651
Male,201.2606294
Male,192.3450524
Male,194.4505572
Male,199.4991242
Male,186.129922
Male,180.7659086
Male,213.4725743
Male,201.9148471
Male,189.7170543
Male,157.6114698
Male,177.0037601
Male,207.074913
Male,208.8709177
Male,156.769607
Male,129.2919824
Male,202.0910374
Male,222.2467954
Male,216.9465466
Male,201.8776566
Male,175.155597
Male,186.0576438
Male,188.9599045
Male,219.0261409
Male,192.9420675
Male,188.2230995
Male,180.0922958
Male,150.8569104
Male,174.9311432
Male,192.9785286
Male,186.7810035
Male,188.0899421
Male,172.3825469
Male,195.1543137
Male,152.2898395
Male,174.1576333
Male,157.0004638
Male,192.0275342
Male,182.0089108
Male,167.9127926
Male,189.8097614
Male,194.2108233
Male,176.1555489
Male,159.3112919
Male,173.5326991
Male,205.5640713
Male,163.0489345
Male,147.8668245
Male,202.11628
Male,166.9015146
Male,168.5215667
Male,188.7721544
Male,211.8364641
Male,203.8954577
Male,216.4022645
Male,161.8095448
Male,195.0172064
Male,203.4651918
Male,171.3806026
Male,187.1209452
Male,189.7802755
Male,200.4662815
Male,157.4881832
Male,173.6430404
Male,183.5225201
Male,193.2231968
Male,188.8441724
Male,176.0090834
Male,219.133231
Male,189.9901271
Male,198.0771994
Male,165.0713967
Male,186.3774477
Male,187.71678
Male,157.45154
Male,185.729441
Male,158.0432301
Male,138.0926359
Male,181.4048084
Male,177.3817664
Male,191.5936244
Male,182.89736
Male,193.1380768
Male,181.2904838
Male,178.5074996
Male,187.3225748
Male,192.9577313
Male,189.4250725
Male,194.8675429
Male,196.9727172
Male,175.3908251
Male,196.2687078
Male,187.1141436
Male,199.0395678
Male,206.0172567
Male,184.2074156
Male,159.0765877
Male,180.7027514
Male,192.7598755
Male,162.6905941
Male,197.628079
Male,195.1463069
Male,145.7650273
Male,247.386741
Male,166.0157385
Male,179.4279332
Male,199.7144207
Male,198.5505755
Male,196.1880483
Male,206.396597
Male,190.3651823
Male,164.6464698
Male,189.603114
Male,179.5732951
Male,188.9558325
Male,179.5370418
Male,204.5867297
Male,190.8404988
Male,153.889337
Male,210.1698701
Male,168.6186759
Male,206.6004422
Male,211.7641408
Male,177.3728153
Male,192.9148094
Male,178.1132529
Male,159.0888654
Male,170.541401
Male,205.64992
Male,183.2808067
Male,188.2023211
Male,192.4078354
Male,186.0567292
Male,184.5166876
Male,211.285555
Male,145.6943594
Male,161.3282278
Male,211.1702891
Male,181.5525586
Male,162.4759573
Male,139.8279838
Male,212.2562528
Male,157.6905016
Male,220.7572561
Male,185.4227779
Male,181.9053186
Male,182.6760417
Male,211.490801
Male,197.2876862
Male,182.6217298
Male,203.4216758
Male,193.2376047
Male,212.1108792
Male,186.3543674
Male,186.2707727
Male,174.0463505
Male,180.7144438
Male,183.3290335
Male,199.056247
Male,196.5603077
Male,253.8890038
Male,156.8810996
Male,197.560031
Male,176.2691478
Male,204.6354397
Male,177.7860776
Male,200.5925818
Male,170.2373143
Male,185.0994042
Male,171.5240417
Male,176.1657039
Male,156.3770439
Male,168.4318692
Male,203.2233233
Male,222.220352
Male,163.5710421
Male,180.4734578
Male,189.0326851
Male,220.6633873
Male,228.2751804
Male,163.292432
Male,194.0878693
Male,210.2705685
Male,181.0284042
Male,155.8781942
Male,213.3348909
Male,162.9551733
Male,185.9166419
Male,196.6996713
Male,191.5423289
Male,172.3213119
Male,190.7640144
Male,174.1665871
Male,194.7247027
Male,192.1721368
Male,196.5058136
Male,214.3424658
Male,174.7417844
Male,140.8041017
Male,166.5945699
Male,158.316028
Male,202.8496369
Male,211.1662677
Male,185.7550604
Male,179.4894904
Male,200.5073562
Male,164.5830508
Male,123.6283596
Male,152.5546197
Male,160.6279339
Male,207.3948305
Male,200.8422469
Male,193.9372992
Male,168.289127
Male,172.7347648
Male,182.688091
Male,185.2993769
Male,196.480848
Male,168.875994
Male,183.5950587
Male,198.0665081
Male,177.2491464
Male,173.0613404
Male,185.9279969
Male,182.564518
Male,171.9167424
Male,184.3745036
Male,173.8479257
Male,203.4551053
Male,170.1252448
Male,181.5586034
Male,180.1676129
Male,195.8926709
Male,192.8470994
Male,158.8772062
Male,189.2157901
Male,191.913025
Male,187.844857
Male,188.9165791
Male,200.0064378
Male,187.706154
Male,161.7450708
Male,185.6781018
Male,211.7613379
Male,186.1899994
Male,184.3380819
Male,205.8477836
Male,178.9159401
Male,194.3793658
Male,177.715215
Male,199.1688303
Male,148.3864185
Male,203.042213
Male,156.7892932
Male,209.450911
Male,192.5333401
Male,176.2647355
Male,166.8078387
Male,145.864086
Male,187.5336747
Male,201.8794293
Male,161.5593008
Male,169.0554908
Male,183.7158148
Male,197.8626654
Male,211.1727911
Male,196.1395337
Male,199.8098815
Male,178.9052996
Male,170.5235361
Male,150.715885
Male,168.3000293
Male,184.3407473
Male,198.4106267
Male,176.5853398
Male,205.7648919
Male,166.7531109
Male,197.4769298
Male,166.102425
Male,156.5409289
Male,178.5918416
Male,187.3083703
Male,182.9043037
Male,183.7431048
Male,178.5023396
Male,195.4211162
Male,187.6953689
Male,190.6921053
Male,174.3951478
Male,173.9158193
Male,177.1133457
Male,189.1790112
Male,180.2965199
Male,185.5565551
Male,205.9251397
Male,172.8081294
Male,186.6776783
Male,223.2898059
Male,182.2710213
Male,188.4368378
Male,213.0700193
Male,199.9852019
Male,181.7825456
Male,193.0854912
Male,184.5328659
Male,197.3631295
Male,196.6392662
Male,184.0559588
Male,176.9958168
Male,189.943109
Male,178.6288814
Male,172.4696254
Male,200.8960479
Male,174.658931
Male,200.7553203
Male,181.9428902
Male,170.3025753
Male,186.8091992
Male,200.3649779
Male,167.9304079
Male,191.7037635
Male,184.6895225
Male,184.8415834
Male,166.5529662
Male,207.5858726
Male,230.9870216
Male,181.4874458
Male,193.4417441
Male,177.356393
Male,190.2708664
Male,228.2098866
Male,192.9677563
Male,203.0537871
Male,173.5851498
Male,167.1760451
Male,164.8678617
Male,186.9139379
Male,184.2525441
Male,176.3095737
Male,193.0864742
Male,200.7544876
Male,181.8862409
Male,201.448679
Male,179.7741582
Male,227.8249156
Male,210.6921477
Male,154.4237329
Male,163.0116921
Male,195.8603245
Male,152.7566899
Male,198.7339344
Male,167.4747484
Male,177.2924766
Male,198.5166066
Male,189.1040457
Male,195.9178731
Male,214.7876983
Male,205.8153584
Male,170.0654795
Male,218.7557554
Male,209.1284026
Male,172.2692766
Male,237.5753136
Male,164.5538549
Male,190.554244
Male,181.7561303
Male,171.4744458
Male,190.1008364
Male,222.5283899
Male,184.4281991
Male,191.3957589
Male,185.6490863
Male,210.1988449
Male,202.4299596
Male,144.2776711
Male,187.2229089
Male,217.5175372
Male,182.8981169
Male,175.1927208
Male,181.9888564
Male,203.2411923
Male,188.2629958
Male,164.5486457
Male,153.0566577
Male,219.8012406
Male,185.8952873
Male,191.6084474
Male,196.7313716
Male,183.540569
Male,176.9507445
Male,177.3352546
Male,187.9647206
Male,146.0455281
Male,182.8164216
Male,173.8084216
Male,194.3830111
Male,173.5546451
Male,151.4497374
Male,198.0959716
Male,202.1302741
Male,205.5752841
Male,185.258335
Male,197.3756657
Male,168.9198271
Male,201.6730831
Male,202.3105745
Male,230.4382367
Male,214.2835788
Male,192.1537013
Male,180.8252205
Male,186.5860278
Male,171.9357709
Male,203.2314894
Male,203.5618459
Male,160.9695549
Male,187.1168178
Male,219.7090849
Male,174.7634217
Male,209.7487989
Male,206.5795246
Male,178.6142906
Male,166.5066409
Male,149.8770657
Male,214.2032867
Male,213.6973737
Male,204.367107
Male,208.0196609
Male,206.8389053
Male,161.0854653
Male,200.2994521
Male,167.7949639
Male,184.1169244
Male,205.7563737
Male,173.9005107
Male,176.6122603
Male,159.1682324
Male,173.2639743
Male,195.1221475
Male,213.1058271
Male,184.6541279
Male,205.3767366
Male,191.2791634
Male,207.2606333
Male,169.2503432
Male,175.0562339
Male,164.0927808
Male,199.4872712
Male,178.2093014
Male,193.4873091
Male,210.9074358
Male,184.6344135
Male,208.0638903
Male,215.2820067
Male,197.8546735
Male,197.0024525
Male,190.1458649
Male,169.8870392
Male,163.2933867
Male,168.2636728
Male,190.3542104
Male,213.7323482
Male,158.6858769
Male,177.804321
Male,210.499351
Male,175.0885619
Male,186.8569679
Male,164.2003528
Male,186.035697
Male,196.1426309
Male,174.3566974
Male,176.912572
Male,224.9353286
Male,213.1431538
Male,195.2372156
Male,171.3900332
Male,154.1243308
Male,179.7716954
Male,199.7824007
Male,153.6552144
Male,185.1312229
Male,171.1417434
Male,161.7195698
Male,185.9954706
Male,224.7474845
Male,155.4332466
Male,185.5365586
Male,191.3541797
Male,171.9103352
Male,176.9299813
Male,194.4192298
Male,228.7496281
Male,175.4485947
Male,202.8660922
Male,176.6324795
Male,213.0841047
Male,177.2015528
Male,211.9147484
Male,195.7730753
Male,191.8814035
Male,167.4155489
Male,210.2101372
Male,213.6760543
Male,171.2410167
Male,211.7400006
Male,188.6235493
Male,187.0010202
Male,192.5251476
Male,193.4650977
Male,178.3021983
Male,177.9241736
Male,168.6667359
Male,182.2135249
Male,197.9161593
Male,189.2361038
Male,210.7056018
Male,196.6053016
Male,182.1232502
Male,172.8988503
Male,194.2055226
Male,227.6989828
Male,164.2301968
Male,190.8175134
Male,167.4531722
Male,185.6925553
Male,181.2198802
Male,212.1199421
Male,181.152035
Male,191.8741693
Male,206.7109165
Male,198.3372497
Male,165.4427511
Male,174.3793633
Male,234.8091796
Male,186.7590155
Male,196.5411775
Male,224.3554899
Male,170.4578256
Male,167.9644596
Male,190.7408731
Male,132.2629805
Male,190.214008
Male,172.6401397
Male,177.6301117
Male,213.1296732
Male,251.4250505
Male,188.956674
Male,182.2415316
Male,217.3939625
Male,173.5989423
Male,166.0935039
Male,210.485106
Male,198.6416362
Male,159.2814861
Male,176.0196216
Male,165.6993918
Male,181.1550934
Male,183.1734931
Male,164.8935704
Male,183.4010746
Male,166.4332448
Male,158.9257794
Male,197.1782227
Male,205.5617893
Male,199.4379227
Male,179.2525819
Male,182.7969335
Male,200.3412722
Male,174.3344686
Male,218.0637514
Male,202.839156
Male,224.6304862
Male,175.6729628
Male,217.7226101
Male,178.3366036
Male,205.2971055
Male,158.7031413
Male,206.824928
Male,203.4548686
Male,183.4752201
Male,166.3887275
Male,182.0457201
Male,170.658318
Male,202.5392177
Male,187.7696349
Male,157.1032324
Male,192.7934602
Male,181.6141111
Male,209.2163209
Male,168.7956146
Male,173.8759632
Male,166.5211109
Male,183.7898926
Male,224.7176965
Male,218.4155045
Male,213.7279148
Male,208.3579641
Male,213.2026057
Male,194.9741159
Male,193.3659139
Male,186.4928981
Male,176.2192786
Male,214.269414
Male,153.2124625
Male,168.5197631
Male,174.8568495
Male,173.1055488
Male,189.5255767
Male,187.1941553
Male,179.0650497
Male,181.5007888
Male,192.4280658
Male,196.5004927
Male,180.4245992
Male,211.5791583
Male,162.1279537
Male,193.1789171
Male,184.7558548
Male,163.6536475
Male,186.50355
Male,201.8666485
Male,182.8028285
Male,183.2459153
Male,202.2424853
Male,168.3740713
Male,212.4352382
Male,198.1827179
Male,154.2609794
Male,184.3794488
Male,224.8078318
Male,200.8576584
Male,144.7733274
Male,172.9353908
Male,245.7337827
Male,194.2847409
Male,149.3338943
Male,206.9808963
Male,190.3635233
Male,207.8915092
Male,200.9427227
Male,220.7118883
Male,159.2940905
Male,181.9234219
Male,185.8645946
Male,198.6726975
Male,210.3640911
Male,180.0777922
Male,192.5032068
Male,201.9030921
Male,177.3525898
Male,227.0100841
Male,202.4410432
Male,167.5544962
Male,217.4266592
Male,174.8738756
Male,212.3489645
Male,199.8425161
Male,203.907422
Male,155.3240293
Male,192.6893816
Male,199.681981
Male,205.619481
Male,173.8162611
Male,188.1556224
Male,199.7040627
Male,192.3736519
Male,153.1200634
Male,196.278034
Male,168.9448977
Male,214.5883172
Male,177.0231893
Male,182.0932794
Male,177.2358638
Male,176.5833168
Male,202.2355678
Male,201.2131677
Male,210.2678885
Male,218.2927331
Male,185.879498
Male,207.853053
Male,195.3063599
Male,154.4345083
Male,139.9020711
Male,197.9232477
Male,211.7208568
Male,183.2393559
Male,182.7750121
Male,177.3398392
Male,159.557692
Male,156.797858
Male,164.7213074
Male,177.6198629
Male,236.1467302
Male,197.2358408
Male,196.190623
Male,200.3666302
Male,215.1625286
Male,208.6962079
Male,186.8483588
Male,178.6200523
Male,210.2044789
Male,155.7644546
Male,203.6204307
Male,207.6790285
Male,201.8676789
Male,211.7496641
Male,225.3277791
Male,175.1721011
Male,184.1585543
Male,142.2525455
Male,171.7332884
Male,191.9464884
Male,178.5755104
Male,188.3537842
Male,206.5869643
Male,201.3787338
Male,202.4851572
Male,160.2394002
Male,148.1021185
Male,175.4365111
Male,224.3050792
Male,182.1839811
Male,158.8518048
Male,148.9169373
Male,204.038125
Male,213.9030628
Male,190.8249379
Male,213.4317284
Male,193.071009
Male,198.9994082
Male,203.8609141
Male,205.6957513
Male,183.8217877
Male,203.3539004
Male,204.2448734
Male,224.3035075
Male,188.7873609
Male,207.6378327
Male,206.9407262
Male,191.9288235
Male,204.6574036
Male,192.8583358
Male,197.532281
Male,199.8985004
Male,187.4681624
Male,166.6155385
Male,182.3872471
Male,159.957496
Male,155.9934435
Male,156.2881684
Male,171.7759835
Male,167.3932551
Male,208.9849709
Male,185.1235237
Male,172.9303407
Male,202.5307652
Male,169.8987329
Male,203.3763539
Male,175.6588963
Male,162.6877103
Male,178.3320496
Male,149.3298985
Male,173.829606
Male,209.6265724
Male,190.8829373
Male,147.3995899
Male,191.8745731
Male,194.4555936
Male,198.9560766
Male,179.2870313
Male,169.0211007
Male,142.3437116
Male,212.7528555
Male,196.4201703
Male,171.7329433
Male,140.0420185
Male,201.2655905
Male,174.0868757
Male,229.2947458
Male,212.867963
Male,194.8220869
Male,224.3575325
Male,210.0463947
Male,191.588221
Male,174.2134044
Male,249.1102416
Male,182.269968
Male,161.5855911
Male,170.7937785
Male,171.5283384
Male,192.3904844
Male,178.2330664
Male,188.5895657
Male,190.0054149
Male,243.2674974
Male,214.1725121
Male,136.4715106
Male,198.7218435
Male,155.1874282
Male,175.5908819
Male,192.4337339
Male,186.3062988
Male,183.6898262
Male,189.7203483
Male,183.1092096
Male,146.189967
Male,182.9592159
Male,204.6814307
Male,175.953797
Male,196.522152
Male,182.546138
Male,184.7658113
Male,184.1097302
Male,178.5472082
Male,181.1863709
Male,199.8292821
Male,167.1116743
Male,206.5921751
Male,198.9367922
Male,189.8419761
Male,183.2496144
Male,165.461382
Male,187.2832522
Male,222.327978
Male,173.2791652
Male,188.9831458
Male,213.653765
Male,193.7268956
Male,174.4117413
Male,203.1906107
Male,204.4129596
Male,198.8241699
Male,203.3729654
Male,147.4451722
Male,181.6509715
Male,190.3853611
Male,188.3392854
Male,172.5300254
Male,140.4632665
Male,221.7792786
Male,172.7678981
Male,196.2749772
Male,163.4666298
Male,201.358596
Male,198.8942954
Male,200.9914763
Male,196.9491257
Male,186.93528
Male,157.0303914
Male,181.2066396
Male,189.1801838
Male,210.054856
Male,196.7270351
Male,217.6250731
Male,169.6762667
Male,184.2095011
Male,181.9018143
Male,174.5648061
Male,229.5654779
Male,192.8421057
Male,199.8941693
Male,171.4529221
Male,190.6785194
Male,197.4166873
Male,183.6786742
Male,193.3211118
Male,181.4106635
Male,164.5156509
Male,193.4599811
Male,172.3175086
Male,194.9901952
Male,203.0647417
Male,128.7240496
Male,177.057807
Male,179.6649586
Male,203.988288
Male,178.0858445
Male,200.8327922
Male,185.5380197
Male,194.2784507
Male,199.6482579
Male,221.4310733
Male,188.1919959
Male,173.1274606
Male,201.2051015
Male,191.4955265
Male,165.8480293
Male,203.5966954
Male,212.156854
Male,158.4390494
Male,204.7794993
Male,158.1934461
Male,181.6716508
Male,172.8187161
Male,167.9820225
Male,159.6566468
Male,171.6901249
Male,209.0187001
Male,162.6827288
Male,213.1888636
Male,184.7163117
Male,176.2208696
Male,166.3662646
Male,201.407019
Male,191.0262439
Male,195.024269
Male,211.9833444
Male,167.8931769
Male,215.1549854
Male,170.5725209
Male,195.4726639
Male,163.105924
Male,223.870178
Male,165.0280126
Male,156.2748014
Male,199.9724552
Male,176.1987252
Male,179.053683
Male,176.8676042
Male,206.6034338
Male,215.2354402
Male,199.3160436
Male,172.4030194
Male,192.0924492
Male,147.3633503
Male,184.1447111
Male,173.0592135
Male,173.3632677
Male,181.0306372
Male,162.2470758
Male,183.779096
Male,206.6364402
Male,167.3002557
Male,210.325952
Male,212.7990405
Male,169.2073232
Male,171.3966631
Male,164.462737
Male,211.9427178
Male,208.4940808
Male,176.1418938
Male,218.8872833
Male,177.5734465
Male,194.9485771
Male,175.5625787
Male,174.5793253
Male,186.206275
Male,173.911384
Male,188.3848819
Male,199.8965586
Male,189.5949767
Male,206.6895855
Male,188.6651449
Male,248.8488727
Male,183.7312861
Male,196.4159832
Male,168.5207432
Male,178.3016003
Male,196.3480292
Male,196.2966435
Male,198.9399971
Male,205.4654812
Male,239.3338403
Male,170.0561818
Male,191.4057111
Male,187.3351368
Male,215.2802949
Male,204.4574503
Male,227.2570867
Male,181.382417
Male,200.0112625
Male,197.6058747
Male,173.9920943
Male,181.9878157
Male,177.6643156
Male,179.187804
Male,182.9622428
Male,184.289729
Male,229.6398615
Male,199.7973813
Male,183.1382237
Male,204.7619655
Male,186.7057596
Male,168.0392371
Male,180.1583802
Male,188.4238123
Male,167.2919949
Male,193.4375287
Male,182.7101495
Male,190.2356883
Male,181.5957566
Male,183.7696054
Male,186.4284815
Male,170.7048445
Male,215.0622688
Male,195.4760032
Male,223.6129532
Male,215.4539614
Male,168.450366
Male,196.3623362
Male,183.6728691
Male,164.3301332
Male,223.6091365
Male,176.2824086
Male,180.7974271
Male,168.5450764
Male,174.8453966
Male,188.0908666
Male,199.3834529
Male,173.2116087
Male,163.4281217
Male,229.2336713
Male,166.3347966
Male,206.660949
Male,216.0151764
Male,192.5280568
Male,181.2436481
Male,207.7091556
Male,190.4694662
Male,188.7756219
Male,199.6329351
Male,195.5265686
Male,166.0526409
Male,164.7231305
Male,203.9830528
Male,187.2478475
Male,169.4308523
Male,175.7763501
Male,207.9578325
Male,197.9368321
Male,192.5855608
Male,163.0080369
Male,204.9735469
Male,167.8135015
Male,173.3879661
Male,206.0338586
Male,185.4144354
Male,199.5130711
Male,197.3504893
Male,164.2769179
Male,206.5035575
Male,180.4904399
Male,199.0683975
Male,195.5764302
Male,192.7560974
Male,225.6337034
Male,153.8314292
Male,193.0097579
Male,163.3874549
Male,187.5065664
Male,219.8576105
Male,175.1523728
Male,175.0437555
Male,162.5170726
Male,169.3797096
Male,194.9398583
Male,175.818975
Male,218.5500933
Male,185.1833394
Male,200.2320206
Male,192.3292822
Male,186.3419021
Male,186.3624116
Male,184.1354362
Male,156.804215
Male,163.8364392
Male,177.663756
Male,182.1635617
Male,215.4532728
Male,171.4094652
Male,210.3690306
Male,186.270383
Male,194.4002484
Male,174.3595987
Male,195.9858981
Male,165.7017309
Male,193.8295644
Male,194.6154579
Male,203.6329516
Male,192.5508206
Male,152.8013107
Male,178.2950961
Male,178.0623647
Male,179.1317338
Male,165.4633524
Male,205.0129248
Male,203.5601772
Male,170.0464801
Male,163.0207123
Male,176.9359552
Male,176.9361873
Male,207.7961441
Male,197.4562805
Male,150.0234727
Male,180.4100282
Male,203.6198922
Male,177.4033824
Male,175.8919596
Male,194.3501088
Male,226.8921536
Male,206.2933696
Male,195.2516665
Male,197.0110497
Male,154.1047767
Male,185.845964
Male,206.3373254
Male,179.4248818
Male,194.3852303
Male,177.5431076
Male,195.9693251
Male,179.3102329
Male,172.301394
Male,140.1606586
Male,187.7256784
Male,165.9897821
Male,188.0013942
Male,183.0966242
Male,204.4759232
Male,211.6078614
Male,179.3685297
Male,214.6864845
Male,146.6838456
Male,178.1591534
Male,197.8947574
Male,204.7167984
Male,199.4514313
Male,161.0151546
Male,179.6979185
Male,197.1149299
Male,166.1228608
Male,182.8427467
Male,206.8236053
Male,207.2465812
Male,172.4536916
Male,211.1535665
Male,162.4848661
Male,169.9274968
Male,198.8091869
Male,180.7801748
Male,157.7066937
Male,167.3629444
Male,177.1616118
Male,196.6385661
Male,184.2771588
Male,182.6880222
Male,175.0468418
Male,163.1982061
Male,177.8216571
Male,230.9949047
Male,166.965345
Male,141.9017774
Male,240.5367967
Male,172.9412482
Male,150.2923072
Male,208.0593736
Male,186.5043494
Male,170.4318734
Male,174.2952996
Male,159.9404171
Male,180.1285324
Male,204.6143177
Male,181.8650443
Male,211.4808535
Male,180.9149265
Male,222.475211
Male,156.7324313
Male,163.4762666
Male,169.0392154
Male,172.7818241
Male,194.235438
Male,202.6715393
Male,165.1132354
Male,225.260179
Male,240.4553518
Male,152.7265497
Male,203.289127
Male,220.7571144
Male,140.5170445
Male,233.1586924
Male,169.5351211
Male,146.2373979
Male,191.3772522
Male,183.8455071
Male,200.8970211
Male,206.7505039
Male,179.7539438
Male,190.3202188
Male,227.2693475
Male,160.7366454
Male,207.8748388
Male,167.6704289
Male,218.5132769
Male,209.4555523
Male,212.2892974
Male,149.8376804
Male,199.5341313
Male,186.9303705
Male,181.0509843
Male,190.9041484
Male,198.6359763
Male,150.8650144
Male,177.0209058
Male,186.6321853
Male,193.0413635
Male,168.6859864
Male,205.5505681
Male,172.546901
Male,254.2090732
Male,180.1353244
Male,176.4649261
Male,151.183699
Male,189.5849573
Male,166.8327987
Male,163.6325161
Male,194.2306129
Male,171.8759027
Male,189.3862996
Male,207.4596817
Male,183.9350701
Male,189.4659427
Male,184.4579258
Male,185.0245076
Male,159.0058561
Male,144.7500844
Male,189.0364977
Male,194.2577478
Male,161.6976935
Male,205.7218639
Male,198.6746552
Male,185.6395107
Male,180.8895826
Male,217.1226862
Male,171.2664298
Male,225.5640771
Male,158.7472076
Male,207.4936911
Male,201.1164009
Male,220.9406503
Male,184.5082378
Male,222.0345647
Male,186.575626
Male,180.7424593
Male,195.0466341
Male,190.2139872
Male,190.345611
Male,180.2395165
Male,172.2853075
Male,199.0429198
Male,196.4614135
Male,178.6740444
Male,161.6502445
Male,204.2202091
Male,200.8371009
Male,153.9447313
Male,173.9950068
Male,184.6441568
Male,190.6540902
Male,182.7008136
Male,170.7950521
Male,174.5861482
Male,182.1364351
Male,221.7566601
Male,150.7219877
Male,142.1588827
Male,201.7130324
Male,204.4275103
Male,189.5090154
Male,174.1592636
Male,196.1781013
Male,164.4822316
Male,159.2359878
Male,204.2802027
Male,206.1031567
Male,156.5448123
Male,199.6674828
Male,162.2882362
Male,239.697207
Male,195.3918622
Male,147.2664635
Male,202.6697031
Male,170.5227456
Male,158.1254581
Male,229.402042
Male,154.935692
Male,179.6478444
Male,188.2734245
Male,193.7620992
Male,190.7153681
Male,196.4933152
Male,172.9153065
Male,171.6171246
Male,191.8205726
Male,203.2710666
Male,223.4647469
Male,186.2367508
Male,191.8418546
Male,154.5940318
Male,182.6091392
Male,230.7941955
Male,184.4948278
Male,200.5006781
Male,222.6206637
Male,173.0984303
Male,198.4911677
Male,153.2964373
Male,168.7398997
Male,186.6754661
Male,179.9137661
Male,199.6015142
Male,167.541952
Male,187.0567919
Male,184.8400817
Male,169.4503939
Male,166.9585605
Male,176.7479097
Male,196.0356898
Male,188.2495053
Male,149.2312843
Male,167.0745967
Male,161.1482346
Male,188.7794498
Male,162.2018404
Male,198.3717943
Male,186.9076616
Male,210.3653615
Male,189.7945349
Male,209.5119129
Male,180.1372892
Male,193.0946875
Male,161.5441066
Male,184.1422808
Male,180.2857082
Male,189.2663488
Male,216.9682385
Male,207.5399095
Male,212.2125188
Male,189.5331697
Male,189.1567913
Male,187.9526028
Male,169.759771
Male,208.3355069
Male,217.6318664
Male,167.8612982
Male,171.7067826
Male,131.8007029
Male,190.1490037
Male,209.9347076
Male,180.7182577
Male,194.2568513
Male,192.8735091
Male,206.8180266
Male,182.4276164
Male,196.0756369
Male,198.0216914
Male,162.3742323
Male,161.7035362
Male,217.3784983
Male,174.8857285
Male,217.1876106
Male,181.6168367
Male,181.3717231
Male,208.0377021
Male,198.9535792
Male,184.65714
Male,141.6749768
Male,179.5618638
Male,199.1208624
Male,199.1576945
Male,174.1750007
Male,154.5031784
Male,165.54269
Male,162.2915973
Male,183.6978268
Male,147.0446574
Male,179.319259
Male,199.8815852
Male,202.8387007
Male,176.6590896
Male,174.9901118
Male,210.7229474
Male,187.7287575
Male,192.5783823
Male,159.604267
Male,216.8674672
Male,186.0155051
Male,215.9945585
Male,182.9422925
Male,194.76454
Male,182.6866843
Male,175.0419457
Male,207.4128337
Male,175.9122878
Male,176.2527996
Male,184.716885
Male,196.0589978
Male,209.8061215
Male,190.1202445
Male,182.7214524
Male,197.3326127
Male,172.8677266
Male,207.5014555
Male,171.4674808
Male,145.3986323
Male,198.8175082
Male,197.3559951
Male,195.538166
Male,217.559784
Male,192.5131646
Male,163.9955934
Male,196.0183367
Male,181.1735588
Male,211.4197751
Male,197.3612466
Male,189.7913412
Male,180.5004852
Male,206.5439534
Male,223.9354499
Male,175.4700212
Male,203.9953168
Male,216.1492177
Male,201.6257247
Male,197.655268
Male,198.9559462
Male,196.6131438
Male,159.6459962
Male,200.5465701
Male,199.1835333
Male,184.0952374
Male,185.2578227
Male,203.0382183
Male,178.3074953
Male,137.6665269
Male,186.8791928
Male,159.1047536
Male,196.1840053
Male,166.9234129
Male,187.4200909
Male,168.6951546
Male,184.4266109
Male,186.9922372
Male,178.4611686
Male,223.5875481
Male,170.932864
Male,198.1211834
Male,178.2477847
Male,242.0411726
Male,186.0944597
Male,196.7652611
Male,152.8969648
Male,169.3156865
Male,182.130883
Male,187.0784656
Male,204.697662
Male,232.7611663
Male,176.948433
Male,158.1725501
Male,185.667026
Male,183.8184077
Male,206.332545
Male,210.9644405
Male,156.0972667
Male,179.0467126
Male,196.7387093
Male,192.8355933
Male,179.3742137
Male,209.5852922
Male,201.7819829
Male,192.7945623
Male,190.75103
Male,178.8203402
Male,220.3981272
Male,199.0951714
Male,205.2169218
Male,199.8147077
Male,167.6674324
Male,185.9347782
Male,206.5157566
Male,177.0565155
Male,211.9878503
Male,176.1812895
Male,195.4051954
Male,176.9930779
Male,171.0560827
Male,205.7253839
Male,208.1415371
Male,197.0418585
Male,194.6991935
Male,206.1961801
Male,156.8204149
Male,169.4593059
Male,168.9267944
Male,175.4272478
Male,177.6182243
Male,186.8578388
Male,182.2837059
Male,156.6060464
Male,169.8507691
Male,173.8867612
Male,172.140801
Male,221.0532279
Male,190.1486823
Male,191.065683
Male,161.7402602
Male,176.7627716
Male,214.5365688
Male,214.5117606
Male,168.824927
Male,175.6348774
Male,203.0092436
Male,203.3908008
Male,192.121524
Male,182.1743643
Male,225.2074354
Male,117.8038417
Male,215.9469988
Male,149.287684
Male,188.2585986
Male,199.8168098
Male,162.8010639
Male,226.7361551
Male,186.7031045
Male,149.9990757
Male,189.1468614
Male,184.3160882
Male,208.4352232
Male,172.1120765
Male,212.4851528
Male,194.1106699
Male,169.2539402
Male,200.5666591
Male,172.0352395
Male,209.4821247
Male,216.5111478
Male,157.4505799
Male,168.2474368
Male,194.6431782
Male,221.0804179
Male,201.9940301
Male,173.3486462
Male,184.0596589
Male,160.6776326
Male,183.8267586
Male,184.0067895
Male,179.4444452
Male,182.6715779
Male,189.8086025
Male,199.6728427
Male,153.3726261
Male,190.5009395
Male,212.5090614
Male,186.3812891
Male,165.2596432
Male,173.8980854
Male,180.6688738
Male,143.4214618
Male,181.9548671
Male,179.3890112
Male,199.7216237
Male,178.8333614
Male,180.8758605
Male,195.1620421
Male,180.7377607
Male,210.6644982
Male,184.0251306
Male,175.3386598
Male,197.3145641
Male,188.5122329
Male,183.8622633
Male,231.6978873
Male,195.1764764
Male,174.0867271
Male,213.2978873
Male,187.8013369
Male,209.2402536
Male,162.4070267
Male,176.3552112
Male,178.5569228
Male,241.6866013
Male,181.0462054
Male,154.801973
Male,175.2266486
Male,192.0729468
Male,175.4331058
Male,165.3501008
Male,187.0383447
Male,203.531509
Male,177.0213348
Male,199.2344387
Male,173.8287649
Male,184.4878335
Male,196.3477833
Male,189.6393057
Male,199.479458
Male,166.1074671
Male,186.3937623
Male,179.7840841
Male,211.6275377
Male,240.4408159
Male,174.873337
Male,176.1002667
Male,190.1312339
Male,169.6840868
Male,213.2391086
Male,152.2236965
Male,155.5207128
Male,153.1280671
Male,154.6660087
Male,174.9103282
Male,160.1789715
Male,195.0121295
Male,157.5590241
Male,185.0067766
Male,178.6346845
Male,174.898717
Male,176.5382322
Male,208.2727386
Male,185.5375972
Male,181.6953354
Male,215.04966
Male,167.8257649
Male,202.8059751
Male,180.3532255
Male,176.6424219
Male,229.5546366
Male,195.8768153
Male,183.0789534
Male,196.380704
Male,192.675508
Male,168.183015
Male,178.1714101
Male,202.6498235
Male,175.9371484
Male,163.6724806
Male,190.0478797
Male,192.5539562
Male,182.3590433
Male,166.1145086
Male,202.7827357
Male,179.3905638
Male,174.258683
Male,189.9185711
Male,186.898569
Male,211.2403332
Male,175.6835879
Male,196.6247889
Male,181.5670857
Male,171.6060633
Male,172.546072
Male,218.8450257
Male,157.7830207
Male,191.9589002
Male,212.9703033
Male,222.361125
Male,158.0881777
Male,202.8215431
Male,177.9888162
Male,184.0279772
Male,179.7234884
Male,184.3836032
Male,190.30285
Male,153.6261196
Male,202.4685999
Male,191.8358247
Male,182.8087315
Male,186.7923627
Male,171.2171413
Male,211.1630545
Male,180.1120604
Male,189.4207282
Male,175.1804902
Male,121.3383226
Male,201.9195631
Male,165.2502638
Male,165.6033214
Male,186.9080199
Male,178.9296041
Male,169.5481317
Male,205.4912294
Male,175.9086498
Male,203.4535958
Male,139.1329764
Male,189.8437093
Male,222.5090549
Male,225.5400789
Male,169.5746208
Male,201.6680396
Male,191.9866127
Male,188.9359093
Male,181.0023589
Male,215.2974474
Male,168.5404165
Male,186.2912762
Male,190.3419208
Male,165.1037698
Male,146.3969727
Male,179.8177682
Male,151.6274343
Male,160.1119988
Male,186.3328433
Male,166.6316658
Male,193.3040688
Male,214.4954893
Male,188.8758935
Male,170.0627941
Male,182.6803524
Male,193.9450869
Male,198.3880008
Male,204.3599175
Male,163.6906888
Male,185.2848072
Male,135.6308771
Male,182.5552848
Male,213.4572326
Male,172.0145383
Male,195.0453193
Male,181.9560015
Male,208.9487746
Male,192.0257859
Male,204.242177
Male,213.3205204
Male,199.4919886
Male,175.6913553
Male,192.8816405
Male,192.1500419
Male,210.4565046
Male,214.3721615
Male,179.0703394
Male,182.2263312
Male,186.3047356
Male,181.0691758
Male,165.5462129
Male,183.8239454
Male,168.0745119
Male,183.8392214
Male,198.6229896
Male,174.156893
Male,160.4707359
Male,225.9846841
Male,203.7632915
Male,183.3751339
Male,178.9659638
Male,212.4435101
Male,193.7754773
Male,187.3541591
Male,188.7038853
Male,225.3785903
Male,203.2756946
Male,176.2182046
Male,190.3244396
Male,198.8226474
Male,152.8413408
Male,188.6306572
Male,172.776569
Male,196.1755535
Male,188.1177003
Male,209.9147415
Male,196.538474
Male,185.0551325
Male,167.3788165
Male,204.7593437
Male,157.5566115
Male,219.1978779
Male,138.5765641
Male,166.4221092
Male,205.85637
Male,167.9375313
Male,169.4056189
Male,193.9786226
Male,219.5212538
Male,186.9088165
Male,179.6324907
Male,193.6474561
Male,199.0376791
Male,198.3676122
Male,206.6653137
Male,177.6768805
Male,218.9797258
Male,159.7386681
Male,182.1984059
Male,192.6830615
Male,146.14673
Male,183.1433826
Male,169.1350738
Male,180.4687419
Male,213.5466868
Male,192.0782512
Male,181.7188851
Male,205.989402
Male,186.3248398
Male,222.8298506
Male,173.8074183
Male,172.6768741
Male,205.3742526
Male,172.9429842
Male,204.9855117
Male,194.1430492
Male,170.8980278
Male,170.9302018
Male,194.9252711
Male,147.1449583
Male,164.8066059
Male,194.2304276
Male,182.8887134
Male,210.8636397
Male,171.2220807
Male,172.2157454
Male,194.8270412
Male,167.4857955
Male,179.6517586
Male,188.8687778
Male,192.4383247
Male,212.6476666
Male,174.8848844
Male,224.3725199
Male,176.4652113
Male,183.3837722
Male,181.5956312
Male,153.5834533
Male,155.0812367
Male,203.9784177
Male,179.9344654
Male,185.579959
Male,173.3975281
Male,216.6863153
Male,145.3352606
Male,177.4228201
Male,169.6417369
Male,202.5715802
Male,199.1736004
Male,166.5673594
Male,199.9735437
Male,187.5760516
Male,170.414341
Male,173.6107366
Male,169.6068598
Male,219.8957391
Male,172.7359083
Male,195.9790196
Male,194.8313955
Male,205.6484492
Male,167.6137769
Male,167.0116321
Male,165.2742449
Male,182.3642953
Male,189.3613951
Male,195.3305956
Male,180.823138
Male,160.7703087
Male,200.2047343
Male,189.3074613
Male,174.1982892
Male,217.0610533
Male,213.2294517
Male,219.3379088
Male,193.702694
Male,171.6167099
Male,156.4583548
Male,192.12988
Male,188.8552055
Male,161.0294158
Male,197.5000192
Male,138.9241726
Male,190.0632856
Male,224.8579017
Male,191.274562
Male,218.7662937
Male,176.6659592
Male,182.3122087
Male,203.820261
Male,171.762518
Male,193.9441806
Male,177.1310522
Male,159.2852282
Male,199.1954001
Male,185.9059095
Male,198.9030119
